{"type":"FeatureCollection","features":[{"type":"Feature","geometry":{"type":"MultiLineString","coordinates":[[[133.7718,34.59573],[133.77154,34.59426],[133.77225,34.59431],[133.7731,34.59176],[133.77331,34.59054],[133.7736,34.58989],[133.7737,34.58978],[133.77396,34.58911],[133.77446,34.58818],[133.7747,34.58792],[133.77511,34.58761],[133.77716,34.5861],[133.77786,34.58568],[133.77889,34.58483],[133.78086,34.58338],[133.78108,34.58326],[133.78246,34.58221],[133.78253,34.58215],[133.78247,34.5821],[133.78325,34.58151],[133.7837,34.58099],[133.78402,34.58044],[133.79167,34.56486],[133.79239,34.56351],[133.79646,34.56335],[133.7969,34.56346],[133.79755,34.56375],[133.79752,34.56379],[133.79767,34.56385],[133.79952,34.56434],[133.79983,34.56435],[133.80099,34.56425],[133.80175,34.56411],[133.80243,34.56384],[133.8052,34.56175],[133.80564,34.56152],[133.80653,34.56126],[133.80809,34.56092],[133.80885,34.56086],[133.80903,34.56078],[133.80909,34.56091],[133.80946,34.56083],[133.81013,34.56062],[133.81111,34.5602],[133.81221,34.55958],[133.81266,34.55943],[133.81336,34.55931],[133.8135,34.55921],[133.81337,34.55914],[133.81387,34.55904],[133.81421,34.55892],[133.81458,34.55872],[133.81571,34.55788],[133.81597,34.55757],[133.81611,34.55727],[133.81615,34.55684],[133.81605,34.55488],[133.81616,34.55455],[133.81671,34.5537],[133.81679,34.55325],[133.81621,34.5514],[133.81521,34.54698],[133.8157,34.54283],[133.81573,34.54219],[133.81551,34.54133],[133.81558,34.54127],[133.81024,34.53612],[133.80939,34.53543],[133.80753,34.53443],[133.80739,34.53456],[133.80651,34.53408],[133.80644,34.53411],[133.80559,34.53379],[133.80527,34.53401],[133.80494,34.53415],[133.80472,34.5342],[133.80448,34.5342],[133.80432,34.53415],[133.80404,34.53391],[133.80394,34.53373],[133.80384,34.53299],[133.80373,34.53283],[133.80309,34.53237],[133.80258,34.53175],[133.80203,34.53139],[133.80162,34.53125],[133.8015,34.53126],[133.80152,34.53084],[133.80003,34.53031],[133.79964,34.53013],[133.79695,34.5286],[133.79728,34.52815],[133.7978,34.5272],[133.79788,34.52723],[133.79804,34.52657],[133.79818,34.52628],[133.79836,34.52606],[133.79875,34.52582],[133.79916,34.52575],[133.79948,34.5258],[133.79979,34.52592],[133.80114,34.52665],[133.80155,34.52676],[133.80185,34.52674],[133.8022,34.52663],[133.80242,34.52651],[133.8027,34.52626],[133.8029,34.52598],[133.80293,34.52553],[133.80279,34.52523],[133.80235,34.52461],[133.80226,34.52428],[133.80232,34.52403],[133.8026,34.52368],[133.80316,34.52323],[133.8038,34.52282],[133.80465,34.5224],[133.80476,34.52227],[133.80498,34.5216],[133.80524,34.52105],[133.80596,34.5181],[133.80604,34.51661],[133.80631,34.51618],[133.80659,34.51589],[133.80667,34.51547],[133.80682,34.51335],[133.80692,34.51304],[133.8072,34.51252],[133.80711,34.51237],[133.80666,34.51002],[133.80648,34.50994],[133.80652,34.50989],[133.80648,34.50955],[133.80618,34.50815],[133.80572,34.50691],[133.80579,34.50664],[133.80556,34.50599],[133.80545,34.50581],[133.80477,34.50527],[133.80309,34.50467],[133.80261,34.50441],[133.80232,34.504],[133.80226,34.50367],[133.80119,34.50439],[133.80039,34.50482],[133.79993,34.505],[133.7999,34.50493],[133.79869,34.50495],[133.79792,34.50486],[133.79597,34.50432],[133.79571,34.50414],[133.79541,34.50381],[133.79499,34.50347],[133.79383,34.50274],[133.7932,34.50246],[133.79285,34.50237],[133.79271,34.50227],[133.79167,34.50203],[133.79153,34.50194],[133.79145,34.50182],[133.7914,34.50138],[133.79131,34.50123],[133.79117,34.50118],[133.79098,34.50123],[133.7908,34.50163],[133.79029,34.50204],[133.78979,34.50155],[133.78941,34.5013],[133.78914,34.50126],[133.78857,34.50127],[133.78816,34.50117],[133.7856,34.49986],[133.78539,34.49966],[133.78533,34.49939],[133.78571,34.49835],[133.78576,34.4978],[133.78568,34.49731],[133.78539,34.49671],[133.78386,34.49481],[133.78344,34.49457],[133.7831,34.49451],[133.78137,34.49465],[133.78097,34.49459],[133.78076,34.49443],[133.78045,34.49382],[133.7803,34.49368],[133.78011,34.49358],[133.77988,34.49353],[133.77917,34.49348],[133.77901,34.49339],[133.7789,34.49326],[133.77886,34.49313],[133.77889,34.49295],[133.77897,34.49281],[133.77943,34.49235],[133.77954,34.49213],[133.77954,34.49202],[133.77949,34.49184],[133.77915,34.49138],[133.7791,34.4912],[133.77916,34.49072],[133.77913,34.49048],[133.7788,34.48984],[133.77893,34.48908],[133.77885,34.48877],[133.77856,34.48809],[133.77845,34.48791],[133.77823,34.48772],[133.77791,34.48766],[133.77731,34.48768],[133.77713,34.48761],[133.77695,34.48747],[133.77684,34.48723],[133.77676,34.48639],[133.77685,34.4862],[133.77702,34.48607],[133.77728,34.486],[133.77785,34.48594],[133.77865,34.48548],[133.77941,34.48526],[133.77967,34.48513],[133.77984,34.48498],[133.78016,34.48444],[133.78032,34.48427],[133.78125,34.48376],[133.78145,34.48358],[133.78156,34.48337],[133.78157,34.48308],[133.78145,34.48279],[133.78115,34.48232],[133.78108,34.48211],[133.7811,34.48191],[133.78128,34.48164],[133.78149,34.48151],[133.78235,34.48127],[133.78249,34.48113],[133.78259,34.48092],[133.78284,34.48021],[133.78283,34.47992],[133.78267,34.47969],[133.78209,34.47916],[133.782,34.47887],[133.78289,34.47731],[133.7831,34.47707],[133.7833,34.47695],[133.78431,34.47674],[133.78457,34.47654],[133.78498,34.47575],[133.78517,34.47553],[133.7854,34.47538],[133.78609,34.47516],[133.78655,34.47492],[133.78712,34.47423],[133.78776,34.47373],[133.78804,34.47309],[133.78816,34.47294],[133.78889,34.47241],[133.78902,34.47219],[133.78903,34.47201],[133.78889,34.47126],[133.78923,34.47056],[133.78926,34.46987],[133.78942,34.46966],[133.78968,34.46946],[133.78985,34.46926],[133.78993,34.46905],[133.78989,34.46884],[133.78962,34.46859],[133.78944,34.46854],[133.78913,34.46856],[133.78836,34.46887],[133.78807,34.46888],[133.78775,34.46876],[133.78579,34.46653],[133.78555,34.46614],[133.78544,34.46585],[133.7853,34.46519],[133.78538,34.46491],[133.7859,34.46438],[133.78605,34.46405],[133.78621,34.46215],[133.78632,34.4618],[133.78648,34.46163],[133.7873,34.46129],[133.78764,34.46106],[133.7878,34.46079],[133.78821,34.4594],[133.7881,34.45907],[133.78796,34.45894],[133.78771,34.45882],[133.78677,34.45858],[133.78654,34.45847],[133.78629,34.45822],[133.7862,34.45795],[133.78623,34.45773],[133.78635,34.45749],[133.78764,34.45586],[133.78884,34.45351],[133.78887,34.45308],[133.7887,34.45285],[133.78769,34.45204],[133.78738,34.4515],[133.7874,34.45111],[133.78764,34.44989],[133.78765,34.44943],[133.78782,34.44895],[133.78813,34.44865],[133.78956,34.44785],[133.78978,34.44768],[133.79001,34.44728],[133.79018,34.44646],[133.79038,34.44619],[133.79081,34.44592],[133.79196,34.44535],[133.79216,34.4453],[133.79234,34.44531],[133.79284,34.44558],[133.79323,34.44567],[133.79354,34.44556],[133.79405,34.44508],[133.79428,34.44499],[133.79447,34.44498],[133.79589,34.44545],[133.79627,34.44553],[133.79831,34.44558],[133.79889,34.44541],[133.80008,34.44496],[133.80135,34.44395],[133.80157,34.44382],[133.8018,34.44373],[133.8023,34.44369],[133.80234,34.44361],[133.80267,34.44356],[133.80287,34.44346],[133.80303,34.44327],[133.80312,34.44294],[133.80303,34.4422],[133.80311,34.44206],[133.8033,34.44203],[133.80338,34.44208],[133.80378,34.44267],[133.80392,34.44272],[133.80408,34.44267],[133.80416,34.44247],[133.80425,34.44157],[133.80431,34.44157],[133.80439,34.44129],[133.80465,34.4409],[133.80524,34.44036],[133.80645,34.43995],[133.80679,34.43969],[133.80685,34.43934],[133.80669,34.43858],[133.80669,34.43835],[133.80705,34.43717],[133.80727,34.43686],[133.80796,34.43632],[133.80824,34.43569],[133.80844,34.43539],[133.80952,34.43464],[133.81024,34.43433],[133.81014,34.43423],[133.80999,34.43421],[133.81014,34.43412],[133.81032,34.43418],[133.81037,34.43414],[133.81066,34.43386],[133.81078,34.43356],[133.81089,34.43347],[133.81189,34.43313],[133.81278,34.43334],[133.81295,34.43328],[133.81299,34.43322],[133.81297,34.43311],[133.81278,34.43289],[133.8127,34.43269],[133.81276,34.43243],[133.81297,34.43232],[133.8133,34.4323],[133.81355,34.43223],[133.81374,34.43185],[133.81397,34.43164],[133.81433,34.43166],[133.8146,34.43181],[133.8147,34.43195],[133.81458,34.43223],[133.81462,34.43229],[133.81518,34.43259],[133.81581,34.43277],[133.81592,34.4329],[133.81603,34.43322],[133.81646,34.43341],[133.81666,34.43341],[133.81704,34.43325],[133.81723,34.43306],[133.81722,34.43298],[133.81701,34.43276],[133.81704,34.43246],[133.81711,34.43241],[133.81723,34.43241],[133.81748,34.43256],[133.81789,34.43254],[133.81815,34.43249],[133.8189,34.43219],[133.81905,34.43209],[133.81916,34.43194],[133.81942,34.43133],[133.81971,34.43106],[133.8201,34.43075],[133.82031,34.43066],[133.82063,34.43064],[133.82072,34.43073],[133.82066,34.43086],[133.82034,34.43109],[133.82014,34.4313],[133.81998,34.43194],[133.81926,34.43251],[133.81919,34.43293],[133.81903,34.4334],[133.8188,34.4336],[133.81866,34.43387],[133.81831,34.43409],[133.81799,34.43418],[133.81794,34.43428],[133.81795,34.43456],[133.81789,34.43462],[133.81715,34.43475],[133.81704,34.43484],[133.81703,34.43494],[133.8172,34.43521],[133.81718,34.43529],[133.81695,34.43549],[133.81693,34.4356],[133.81723,34.43592],[133.81729,34.43607],[133.81676,34.43672],[133.8166,34.43678],[133.81634,34.43677],[133.81604,34.43668],[133.81567,34.43645],[133.81547,34.43647],[133.8154,34.43653],[133.81528,34.4371],[133.81509,34.4372],[133.8145,34.43738],[133.81377,34.43797],[133.81304,34.43823],[133.8129,34.43832],[133.81177,34.43947],[133.81151,34.43987],[133.81132,34.4403],[133.81127,34.44094],[133.81093,34.44231],[133.81016,34.44422],[133.80984,34.44466],[133.80894,34.44693],[133.80881,34.44771],[133.80862,34.45061],[133.80853,34.45123],[133.8073,34.45658],[133.80727,34.45694],[133.80714,34.45693],[133.80711,34.45736],[133.8078,34.46186],[133.80796,34.46267],[133.80802,34.46274],[133.80828,34.46371],[133.80846,34.46456],[133.80858,34.46484],[133.80883,34.4652],[133.80966,34.46609],[133.81003,34.46635],[133.81037,34.46651],[133.81126,34.46682],[133.81415,34.46778],[133.81432,34.46779],[133.81521,34.46811],[133.81559,34.4682],[133.81766,34.46896],[133.82011,34.46979],[133.82031,34.46995],[133.82066,34.47012],[133.82121,34.47055],[133.82695,34.47436],[133.82861,34.47541],[133.82936,34.47576],[133.83007,34.4759],[133.83262,34.47612],[133.83342,34.47618],[133.83409,34.47615],[133.83611,34.47567],[133.83679,34.47541],[133.83739,34.47502],[133.8388,34.47387],[133.83941,34.47356],[133.83999,34.47338],[133.84342,34.4727],[133.84396,34.47264],[133.84449,34.47273],[133.84604,34.47329],[133.84738,34.47088],[133.84748,34.4708],[133.84966,34.4707],[133.85005,34.47064],[133.85196,34.46992],[133.85804,34.46984],[133.86206,34.46973],[133.86259,34.4697],[133.86422,34.46924],[133.8647,34.46901],[133.86606,34.46811],[133.86647,34.46791],[133.86733,34.46761],[133.86819,34.46715],[133.86915,34.46633],[133.87018,34.46537],[133.87058,34.46493],[133.87125,34.46443],[133.87181,34.46379],[133.87204,34.46366],[133.87276,34.46347],[133.87302,34.46328],[133.87399,34.46228],[133.87457,34.46153],[133.87521,34.46109],[133.87715,34.45994],[133.87744,34.4597],[133.87852,34.45876],[133.87935,34.45769],[133.87993,34.45719],[133.88028,34.45696],[133.88149,34.45657],[133.88175,34.45652],[133.88335,34.45646],[133.88569,34.45664],[133.88604,34.4567],[133.8874,34.45713],[133.88847,34.45731],[133.88888,34.45732],[133.89016,34.45714],[133.89144,34.4568],[133.89385,34.45647],[133.89582,34.45666],[133.89684,34.45659],[133.89723,34.45661],[133.89751,34.45671],[133.8984,34.45721],[133.89877,34.45725],[133.89943,34.45717],[133.90106,34.45661],[133.90287,34.45656],[133.91014,34.4578],[133.91104,34.45791],[133.9112,34.45788],[133.91233,34.45728],[133.91537,34.45619],[133.9156,34.45614],[133.91763,34.45625],[133.91816,34.45614],[133.91886,34.45586],[133.91999,34.45574],[133.92096,34.45598],[133.92129,34.45617],[133.92149,34.4564],[133.92193,34.4575],[133.92315,34.45934],[133.92318,34.4595],[133.92216,34.46153],[133.92193,34.46181],[133.92084,34.46282],[133.92053,34.46327],[133.9204,34.4637],[133.92039,34.46404],[133.92049,34.46444],[133.92134,34.46616],[133.92161,34.46766],[133.92227,34.46932],[133.92244,34.46959],[133.92291,34.47002],[133.92448,34.47075],[133.92473,34.47082],[133.92611,34.47092],[133.92879,34.47099],[133.92902,34.47103],[133.92951,34.47122],[133.92974,34.4712],[133.93128,34.47147],[133.93296,34.47178],[133.93328,34.4719],[133.93339,34.47203],[133.93353,34.4725],[133.93356,34.47277],[133.93351,34.47304],[133.93303,34.47396],[133.93285,34.47461],[133.93228,34.47613],[133.93151,34.47782],[133.93244,34.47892],[133.93268,34.47915],[133.933,34.47931],[133.93461,34.4798],[133.9355,34.48013],[133.93683,34.48077],[133.94117,34.48256],[133.94417,34.48347],[133.94451,34.48366],[133.94474,34.48387],[133.94491,34.48412],[133.9457,34.48585],[133.94622,34.48705],[133.94626,34.48725],[133.94626,34.48751],[133.94609,34.48849],[133.94512,34.49349],[133.95058,34.49373],[133.95411,34.49376],[133.9541,34.49472],[133.95401,34.49546],[133.95344,34.49711],[133.95229,34.49986],[133.95105,34.50254],[133.9505,34.504],[133.95051,34.50411],[133.94982,34.50573],[133.94606,34.51384],[133.94545,34.51724],[133.95057,34.51787],[133.95118,34.51799],[133.95193,34.51829],[133.95354,34.51934],[133.95602,34.52078],[133.96128,34.52395],[133.96174,34.52444],[133.96237,34.52557],[133.96292,34.52614],[133.96447,34.52708],[133.96551,34.52747],[133.96623,34.52788],[133.96641,34.52812],[133.96669,34.5288],[133.96693,34.52891],[133.96729,34.52891],[133.96751,34.52898],[133.96823,34.52992],[133.96863,34.5303],[133.96882,34.5304],[133.96985,34.53062],[133.97062,34.53057],[133.97086,34.53059],[133.97362,34.53139],[133.97486,34.53188],[133.97728,34.53295],[133.9776,34.53307],[133.97793,34.53313],[133.97989,34.53288],[133.98071,34.53237],[133.9815,34.53209],[133.98314,34.53193],[133.98399,34.53159],[133.98476,34.53145],[133.98547,34.53117],[133.98765,34.53079],[133.98547,34.53117],[133.98476,34.53145],[133.98399,34.53159],[133.98314,34.53193],[133.9815,34.53209],[133.98071,34.53237],[133.97989,34.53288],[133.97793,34.53313],[133.9776,34.53307],[133.97706,34.53286],[133.97432,34.53165],[133.97362,34.53139],[133.97076,34.53057],[133.96985,34.53062],[133.96882,34.5304],[133.96863,34.5303],[133.96823,34.52992],[133.96758,34.52904],[133.96747,34.52895],[133.96693,34.52891],[133.96669,34.5288],[133.96641,34.52812],[133.96623,34.52788],[133.96551,34.52747],[133.96472,34.5272],[133.96428,34.52698],[133.96292,34.52614],[133.96237,34.52557],[133.96174,34.52444],[133.96128,34.52395],[133.95602,34.52078],[133.95354,34.51934],[133.95193,34.51829],[133.95118,34.51799],[133.95057,34.51787],[133.94545,34.51724],[133.94527,34.51806],[133.94515,34.51832],[133.94485,34.51873],[133.94454,34.51901],[133.94404,34.5193],[133.94142,34.52052],[133.94104,34.52067],[133.94063,34.52076],[133.94019,34.52078],[133.93967,34.52067],[133.93626,34.51952],[133.93516,34.51943],[133.93366,34.51946],[133.93355,34.51943],[133.93335,34.51923],[133.92938,34.52079],[133.92879,34.52089],[133.9282,34.52081],[133.92662,34.52033],[133.92598,34.52024],[133.92518,34.52021],[133.92421,34.5203],[133.92374,34.5204],[133.92312,34.52058],[133.92211,34.52096],[133.9216,34.52111],[133.92117,34.52118],[133.91899,34.52112],[133.91743,34.52134],[133.91668,34.52136],[133.91124,34.52102],[133.91054,34.52112],[133.91,34.52129],[133.90873,34.52198],[133.90786,34.5223],[133.90354,34.52302],[133.90268,34.52325],[133.90121,34.52398],[133.90005,34.52449],[133.89991,34.52377],[133.89946,34.52227],[133.89947,34.52125],[133.8993,34.5199],[133.8993,34.51901],[133.89926,34.51867],[133.89897,34.51761],[133.8983,34.5165],[133.89769,34.51506],[133.89732,34.51375],[133.89705,34.51322],[133.89656,34.51245],[133.89505,34.51045],[133.89364,34.5084],[133.89353,34.50806],[133.89333,34.50694],[133.89212,34.50486],[133.89166,34.50343],[133.88926,34.49727],[133.88913,34.49674],[133.88906,34.49612],[133.88691,34.49671],[133.88551,34.49725],[133.8852,34.49742],[133.88433,34.49816],[133.88407,34.49832],[133.88252,34.49892],[133.88198,34.49917],[133.87888,34.50131],[133.87831,34.5018],[133.8775,34.50265],[133.8768,34.5032],[133.87581,34.50375],[133.87455,34.50429],[133.87388,34.50467],[133.87207,34.50586],[133.87147,34.50614],[133.87101,34.50625],[133.87054,34.50627],[133.86927,34.50617],[133.86856,34.50605],[133.86823,34.50594],[133.8676,34.50564],[133.8671,34.50527],[133.86665,34.50473],[133.86583,34.50345],[133.86547,34.50311],[133.86513,34.5029],[133.86466,34.50272],[133.85977,34.50142],[133.8592,34.50123],[133.85831,34.50086],[133.85621,34.49975],[133.85579,34.49957],[133.8552,34.49943],[133.85468,34.4994],[133.8542,34.49945],[133.85317,34.49966],[133.85269,34.49967],[133.85141,34.49943],[133.8513,34.49976],[133.85132,34.49995],[133.85195,34.50033],[133.85201,34.50053],[133.85202,34.50072],[133.85197,34.50085],[133.85166,34.50101],[133.85158,34.50112],[133.85158,34.50121],[133.8521,34.50184],[133.85202,34.50243],[133.8518,34.50281],[133.85148,34.50281],[133.85115,34.5024],[133.85094,34.50234],[133.85036,34.50231],[133.84977,34.50236],[133.84912,34.50228],[133.84818,34.50206],[133.84802,34.50214],[133.84782,34.50233],[133.84767,34.50237],[133.84721,34.50224],[133.84685,34.502],[133.84632,34.50182],[133.84608,34.50184],[133.84557,34.50197],[133.84478,34.50207],[133.84472,34.50213],[133.84465,34.50241],[133.84448,34.50266],[133.84459,34.50328],[133.84454,34.50339],[133.84424,34.5037],[133.84414,34.50401],[133.84443,34.50455],[133.84447,34.50484],[133.84513,34.50703],[133.84519,34.5076],[133.84507,34.5084],[133.84499,34.50859],[133.84478,34.5088],[133.84388,34.50911],[133.84364,34.50926],[133.84288,34.50993],[133.84169,34.51069],[133.84147,34.51101],[133.84142,34.51139],[133.84156,34.51211],[133.84182,34.51245],[133.84225,34.51271],[133.8436,34.5132],[133.84407,34.51356],[133.84524,34.51511],[133.84528,34.51542],[133.84511,34.5157],[133.84489,34.51582],[133.84469,34.51587],[133.84324,34.51601],[133.8426,34.51589],[133.84133,34.51553],[133.84096,34.51527],[133.84041,34.51455],[133.84005,34.51362],[133.83974,34.51341],[133.8395,34.5134],[133.83923,34.5135],[133.83883,34.51388],[133.8386,34.51399],[133.83793,34.51401],[133.83767,34.51408],[133.83749,34.51422],[133.8372,34.51458],[133.83704,34.51469],[133.83677,34.51476],[133.83605,34.51467],[133.83563,34.5147],[133.83536,34.51482],[133.8347,34.51534],[133.83442,34.51546],[133.83375,34.51561],[133.83149,34.51633],[133.83082,34.51669],[133.83026,34.51722],[133.82965,34.51762],[133.82856,34.51786],[133.82712,34.51856],[133.82684,34.51879],[133.82667,34.51884],[133.82638,34.51922],[133.82485,34.52271],[133.82452,34.52324],[133.82412,34.52353],[133.8231,34.52387],[133.82295,34.52397],[133.82102,34.5258],[133.81921,34.52783],[133.81819,34.52907],[133.81703,34.53032],[133.81351,34.53375],[133.81351,34.5338],[133.81299,34.53431],[133.8106,34.53659],[133.81551,34.54133],[133.81571,34.54202],[133.8157,34.54283],[133.81521,34.54698],[133.81614,34.55112],[133.81679,34.55325],[133.81671,34.5537],[133.81615,34.55457],[133.81606,34.55483],[133.81603,34.55507],[133.81615,34.55708],[133.81603,34.55747],[133.81586,34.55772],[133.81561,34.55796],[133.81458,34.55872],[133.81421,34.55892],[133.81387,34.55904],[133.81337,34.55914],[133.8135,34.55921],[133.81336,34.55931],[133.81266,34.55943],[133.81221,34.55958],[133.81111,34.5602],[133.81013,34.56062],[133.80909,34.56091],[133.80903,34.56078],[133.80885,34.56086],[133.80809,34.56092],[133.80653,34.56126],[133.80564,34.56152],[133.8052,34.56175],[133.80243,34.56384],[133.8021,34.564],[133.8014,34.5642],[133.79983,34.56435],[133.7994,34.56432],[133.79767,34.56385],[133.79752,34.56379],[133.79755,34.56375],[133.7969,34.56346],[133.79646,34.56335],[133.79251,34.56351],[133.79242,34.56359],[133.79235,34.56357],[133.79167,34.56486],[133.78402,34.58044],[133.7837,34.58099],[133.78325,34.58151],[133.78247,34.5821],[133.78253,34.58215],[133.78246,34.58221],[133.78108,34.58326],[133.78086,34.58338],[133.77889,34.58483],[133.77786,34.58568],[133.77716,34.5861],[133.77511,34.58761],[133.7747,34.58792],[133.77446,34.58818],[133.77396,34.58911],[133.7737,34.58978],[133.77347,34.59016],[133.77342,34.59014],[133.7733,34.59043],[133.77319,34.59084],[133.77309,34.59164],[133.7723,34.59398],[133.77222,34.59425],[133.77225,34.59431],[133.77154,34.59426],[133.7718,34.59573]]]},"properties":{"id":449,"name":"岡山県【OY-１】倉敷・玉野シーサイドルート","group":"Setouchi routes","distance_km":90.0,"elev_up_m":646,"intro_url":"https://setouchivelo.jp/route/route-100/","profile":[[0.0,8],[0.66,8],[1.39,3],[2.18,1],[3.08,1],[4.07,3],[4.76,5],[5.55,1],[6.14,5],[6.68,19],[7.18,14],[8.38,3],[9.5,10],[9.95,12],[10.35,28],[11.28,34],[12.99,60],[14.22,51],[15.62,109],[16.51,163],[17.52,186],[18.44,181],[19.48,111],[20.66,121],[21.77,98],[22.93,57],[24.29,69],[25.25,93],[25.86,57],[26.3,40],[26.82,27],[27.26,13],[27.65,25],[27.96,21],[28.32,19],[28.75,37],[29.15,49],[29.46,43],[29.77,35],[30.32,8],[31.89,6],[33.07,8],[35.08,8],[37.49,5],[39.99,11],[40.98,5],[42.67,0],[44.71,26],[46.04,35],[47.95,15],[51.73,5],[53.9,7],[55.85,5],[56.75,6],[57.37,5],[58.45,10],[59.48,4],[61.43,14],[64.26,15],[66.25,58],[68.79,0],[71.16,13],[73.41,106],[74.74,149],[75.78,182],[76.43,208],[76.89,224],[78.07,148],[78.9,95],[79.55,71],[80.65,30],[83.15,7],[85.26,12],[86.05,2],[86.85,2],[87.64,5],[88.33,3],[89.32,2],[90.21,2],[91.01,3],[91.72,9],[92.4,8],[92.41,8]],"desc":"距離：90km\r\n美観地区～美観地区\r\nhttps://setouchivelo.jp/route/route-100/","elev_src":"source","weight":3,"opacity":1}},{"type":"Feature","geometry":{"type":"MultiLineString","coordinates":[[[134.1722,34.48861],[134.17458,34.48761],[134.17497,34.48765],[134.17552,34.48805],[134.17614,34.48744],[134.17665,34.48705],[134.17749,34.48655],[134.17915,34.48576],[134.1801,34.48501],[134.18041,34.48493],[134.18185,34.48492],[134.18235,34.48479],[134.18338,34.48436],[134.18525,34.48332],[134.18648,34.48475],[134.18704,34.48597],[134.1853,34.48729],[134.18492,34.48774],[134.18476,34.48802],[134.18335,34.48812],[134.18208,34.48835],[134.18018,34.48891],[134.17936,34.48949],[134.17886,34.48998],[134.17857,34.49028],[134.17817,34.49093],[134.17594,34.49276],[134.17475,34.49325],[134.17217,34.49395],[134.17179,34.49418],[134.17152,34.49448],[134.17046,34.49608],[134.16966,34.49704],[134.1692,34.49746],[134.16914,34.49785],[134.1692,34.49842],[134.16918,34.49876],[134.16892,34.49917],[134.16824,34.49965],[134.16813,34.49978],[134.16805,34.50003],[134.16811,34.50058],[134.16801,34.50079],[134.16782,34.50091],[134.16753,34.50094],[134.16639,34.50078],[134.16615,34.50085],[134.16589,34.50111],[134.16567,34.50185],[134.16566,34.502],[134.16572,34.50215],[134.16584,34.50225],[134.16617,34.50234],[134.16709,34.50279],[134.16727,34.50292],[134.16737,34.50311],[134.16737,34.50325],[134.16723,34.50345],[134.16667,34.50369],[134.16657,34.50378],[134.16655,34.50388],[134.16662,34.50417],[134.1669,34.50455],[134.16692,34.50475],[134.16656,34.50563],[134.16642,34.50612],[134.16631,34.50725],[134.16633,34.50813],[134.1666,34.51062],[134.16625,34.51244],[134.16635,34.51276],[134.16692,34.51351],[134.16745,34.5144],[134.1675,34.5146],[134.16749,34.51545],[134.16747,34.51578],[134.16726,34.51626],[134.16615,34.51788],[134.16583,34.51827],[134.16552,34.51856],[134.16546,34.51904],[134.16573,34.51965],[134.16614,34.52017],[134.16666,34.52061],[134.16711,34.52085],[134.16746,34.52098],[134.16764,34.52116],[134.16767,34.52135],[134.16731,34.52181],[134.16731,34.52208],[134.16742,34.5222],[134.16787,34.52219],[134.17045,34.52172],[134.17113,34.52164],[134.17136,34.52168],[134.17154,34.52178],[134.17261,34.52276],[134.17286,34.5228],[134.17311,34.52272],[134.17352,34.52244],[134.17409,34.5217],[134.17504,34.52075],[134.17635,34.51958],[134.17773,34.51825],[134.17859,34.51758],[134.17994,34.51679],[134.18082,34.5164],[134.18213,34.51603],[134.18384,34.5157],[134.18432,34.51563],[134.18512,34.51564],[134.18605,34.51545],[134.18631,34.51544],[134.1866,34.51555],[134.1873,34.51595],[134.18834,34.51633],[134.18876,34.51655],[134.189,34.51674],[134.18908,34.51695],[134.18887,34.51788],[134.18898,34.51832],[134.18888,34.51878],[134.1889,34.51889],[134.18903,34.51903],[134.18919,34.51908],[134.18954,34.51907],[134.19036,34.51887],[134.19171,34.5187],[134.19283,34.51879],[134.19371,34.51858],[134.194,34.51849],[134.19433,34.51829],[134.19499,34.51758],[134.19524,34.51737],[134.19548,34.51729],[134.1957,34.5173],[134.19593,34.51741],[134.1961,34.51768],[134.19597,34.51835],[134.19603,34.51853],[134.19637,34.51871],[134.19699,34.51895],[134.19717,34.51896],[134.19787,34.51878],[134.19837,34.51881],[134.20012,34.51946],[134.20037,34.51962],[134.20057,34.51967],[134.2009,34.51963],[134.20126,34.51935],[134.20161,34.51926],[134.20203,34.51898],[134.20228,34.51896],[134.20248,34.51911],[134.20268,34.51958],[134.2029,34.51969],[134.20736,34.52077],[134.20769,34.52079],[134.20829,34.5207],[134.20866,34.52074],[134.20992,34.5213],[134.21096,34.52211],[134.21176,34.52261],[134.21227,34.52265],[134.21252,34.5226],[134.21289,34.52245],[134.21326,34.52244],[134.21409,34.52258],[134.21472,34.52279],[134.21509,34.52315],[134.21622,34.52368],[134.21674,34.52429],[134.21745,34.52466],[134.2182,34.52536],[134.21852,34.52556],[134.22002,34.52579],[134.22049,34.52593],[134.22079,34.52587],[134.22141,34.52558],[134.22157,34.52558],[134.22171,34.52574],[134.22195,34.52632],[134.22193,34.52705],[134.22207,34.52736],[134.22219,34.52739],[134.22234,34.52751],[134.22398,34.5282],[134.22428,34.52825],[134.22473,34.52825],[134.2254,34.52813],[134.22601,34.52828],[134.2264,34.52823],[134.22712,34.52794],[134.22768,34.52785],[134.22779,34.52779],[134.22787,34.5277],[134.22789,34.52752],[134.22779,34.52726],[134.22778,34.52707],[134.22785,34.52694],[134.22807,34.52678],[134.22843,34.52669],[134.22978,34.5267],[134.23031,34.52665],[134.23071,34.52675],[134.23206,34.5274],[134.23338,34.52844],[134.23473,34.52886],[134.23578,34.52904],[134.23847,34.52924],[134.23871,34.52929],[134.2401,34.52996],[134.24032,34.53014],[134.24228,34.53324],[134.2426,34.53417],[134.24354,34.53523],[134.24394,34.53592],[134.24466,34.53636],[134.24559,34.53729],[134.24639,34.53774],[134.2482,34.53895],[134.2493,34.53944],[134.24993,34.53989],[134.25051,34.54016],[134.25144,34.5404],[134.25238,34.5405],[134.25284,34.54063],[134.25329,34.54094],[134.25381,34.54138],[134.2543,34.54205],[134.25456,34.54225],[134.25489,34.54226],[134.2554,34.54196],[134.25576,34.54187],[134.25618,34.54193],[134.25685,34.54223],[134.25702,34.54235],[134.25711,34.54251],[134.2571,34.54304],[134.25716,34.54323],[134.2574,34.5436],[134.25745,34.54422],[134.25787,34.54493],[134.2583,34.54529],[134.25876,34.5454],[134.25898,34.5455],[134.2596,34.54613],[134.25996,34.54641],[134.26042,34.54666],[134.26076,34.54678],[134.26138,34.5469],[134.26209,34.54696],[134.26249,34.54696],[134.26353,34.54686],[134.26394,34.54689],[134.265,34.54729],[134.26591,34.54781],[134.26615,34.54786],[134.26777,34.5475],[134.26811,34.54746],[134.26853,34.5475],[134.269,34.54765],[134.26938,34.54768],[134.26979,34.54764],[134.27159,34.54708],[134.27217,34.54648],[134.27249,34.54633],[134.2729,34.54631],[134.27352,34.54643],[134.27471,34.54641],[134.27566,34.54655],[134.27591,34.54655],[134.27652,34.54629],[134.27716,34.54622],[134.27819,34.54599],[134.27885,34.54595],[134.27955,34.54569],[134.27987,34.54567],[134.28167,34.54597],[134.2827,34.54589],[134.28363,34.54572],[134.284,34.54571],[134.28442,34.5459],[134.28478,34.54631],[134.28494,34.54641],[134.28605,34.54659],[134.28638,34.54654],[134.28687,34.54635],[134.28783,34.54622],[134.28914,34.54638],[134.29026,34.54665],[134.29103,34.54668],[134.2913,34.54662],[134.29142,34.54654],[134.29163,34.54627],[134.29178,34.54616],[134.29196,34.54612],[134.29266,34.54613],[134.29372,34.54634],[134.29467,34.54634],[134.29527,34.54642],[134.297,34.54697],[134.29818,34.54701],[134.29921,34.54735],[134.30012,34.54746],[134.303,34.54726],[134.30491,34.54686],[134.30537,34.54687],[134.30589,34.547],[134.30646,34.54734],[134.30649,34.54748],[134.30629,34.54789],[134.30625,34.54814],[134.30632,34.54836],[134.30647,34.54854],[134.30711,34.54886],[134.30793,34.54901],[134.30814,34.54914],[134.30821,34.54926],[134.30822,34.54955],[134.30808,34.54979],[134.30793,34.54989],[134.30735,34.55012],[134.30716,34.55029],[134.30706,34.55049],[134.30683,34.55151],[134.30696,34.55176],[134.30716,34.55186],[134.30773,34.55201],[134.30795,34.55215],[134.30812,34.55234],[134.30824,34.55268],[134.3084,34.5538],[134.30856,34.55411],[134.30878,34.55433],[134.3131,34.55724],[134.31368,34.55758],[134.31418,34.55778],[134.32009,34.55946],[134.32064,34.55981],[134.32168,34.56067],[134.32203,34.56082],[134.32318,34.56108],[134.32363,34.56123],[134.324,34.56144],[134.32505,34.56223],[134.32536,34.56238],[134.32602,34.5625],[134.32645,34.56246],[134.32709,34.56231],[134.32731,34.56232],[134.32824,34.56276],[134.32916,34.56291],[134.32967,34.56308],[134.33001,34.56327],[134.33033,34.56365],[134.33049,34.56374],[134.33064,34.56375],[134.33087,34.56366],[134.33116,34.56325],[134.33132,34.56267],[134.3312,34.56186],[134.33122,34.56171],[134.33137,34.56149],[134.33162,34.56135],[134.33189,34.56127],[134.33215,34.56129],[134.3328,34.56163],[134.33332,34.56182],[134.33387,34.56209],[134.33401,34.56211],[134.33427,34.56203],[134.33447,34.56189],[134.3346,34.56171],[134.33477,34.56125],[134.33536,34.56096],[134.3358,34.56059],[134.33608,34.56055],[134.3365,34.56061],[134.3374,34.56047],[134.33839,34.56041],[134.33877,34.56051],[134.33903,34.56078],[134.33938,34.5613],[134.33969,34.56147],[134.3411,34.56167],[134.34143,34.56169],[134.34224,34.56164],[134.34253,34.56169],[134.3437,34.5623],[134.34617,34.56308],[134.34758,34.56371],[134.3479,34.56375],[134.34824,34.56371],[134.34997,34.56317],[134.35023,34.56299],[134.35026,34.5628],[134.35002,34.5623],[134.35002,34.56193],[134.34988,34.56173],[134.3496,34.56154],[134.3493,34.56152],[134.34899,34.56159],[134.34822,34.5618],[134.34771,34.56208],[134.34751,34.56209],[134.34714,34.56189],[134.34694,34.56183],[134.34648,34.56187],[134.34619,34.56184],[134.34561,34.56161],[134.34534,34.56144],[134.34504,34.56105],[134.34496,34.56087],[134.345,34.56064],[134.34538,34.55996],[134.34544,34.55975],[134.34528,34.55928],[134.34531,34.55875],[134.34527,34.55861],[134.34518,34.5585],[134.345,34.55841],[134.34367,34.55798],[134.34326,34.55772],[134.34304,34.55747],[134.34304,34.55724],[134.34312,34.55711],[134.34367,34.55647],[134.34393,34.55631],[134.3461,34.55591],[134.34706,34.55555],[134.34781,34.55538],[134.34826,34.55543],[134.34881,34.55567],[134.34905,34.55588],[134.34937,34.55632],[134.3497,34.5565],[134.35064,34.55652],[134.35146,34.55663],[134.35169,34.55656],[134.35187,34.55633],[134.35182,34.55607],[134.35137,34.55557],[134.35118,34.55494],[134.35068,34.55436],[134.35017,34.55344],[134.34992,34.55317],[134.34946,34.55288],[134.34938,34.55267],[134.34936,34.5523],[134.34925,34.55215],[134.34902,34.55202],[134.34764,34.55171],[134.34737,34.55155],[134.34705,34.55145],[134.34675,34.5511],[134.34634,34.55085],[134.34628,34.55072],[134.3463,34.55055],[134.34725,34.54878],[134.34744,34.54801],[134.34746,34.54784],[134.3474,34.54758],[134.34715,34.54729],[134.34643,34.54687],[134.34594,34.54632],[134.34564,34.54608],[134.34518,34.54592],[134.34437,34.54584],[134.34416,34.54578],[134.34377,34.54555],[134.34352,34.54532],[134.34342,34.54515],[134.34329,34.54465],[134.3436,34.54283],[134.34432,34.54121],[134.34467,34.54062],[134.3449,34.54041],[134.34516,34.54026],[134.34628,34.53987],[134.34646,34.53976],[134.34668,34.53953],[134.34679,34.53929],[134.34688,34.5383],[134.34694,34.53813],[134.34716,34.53785],[134.34741,34.5377],[134.34786,34.53756],[134.34826,34.5375],[134.34859,34.53765],[134.349,34.53799],[134.34924,34.53808],[134.34951,34.53805],[134.34966,34.53798],[134.34981,34.53783],[134.35006,34.53719],[134.35017,34.5371],[134.35033,34.53705],[134.35058,34.5371],[134.35138,34.53745],[134.35189,34.53759],[134.35251,34.53766],[134.35305,34.53786],[134.35339,34.53788],[134.35348,34.53784],[134.35356,34.53778],[134.35374,34.53746],[134.35399,34.53735],[134.3543,34.53738],[134.35456,34.53758],[134.35468,34.53757],[134.35475,34.53749],[134.35496,34.53692],[134.35488,34.53676],[134.35462,34.53651],[134.35456,34.53584],[134.35461,34.53555],[134.35479,34.53546],[134.35544,34.53547],[134.35609,34.53528],[134.35649,34.5349],[134.35653,34.53479],[134.35649,34.53448],[134.35667,34.53406],[134.35661,34.53342],[134.35675,34.53289],[134.35684,34.53205],[134.35664,34.53179],[134.35562,34.53133],[134.35561,34.53118],[134.35579,34.53111],[134.3562,34.5311],[134.35645,34.531],[134.35655,34.531],[134.35716,34.53116],[134.35737,34.53113],[134.35752,34.53116],[134.35803,34.5315],[134.35817,34.53146],[134.3582,34.53136],[134.35811,34.53128],[134.35778,34.53118],[134.35751,34.53097],[134.35697,34.53086],[134.35677,34.5306],[134.35676,34.53044],[134.35697,34.53015],[134.35703,34.52937],[134.35672,34.52773],[134.35633,34.5269],[134.3563,34.52664],[134.35637,34.52611],[134.3563,34.52587],[134.35617,34.52572],[134.35564,34.52532],[134.35532,34.52484],[134.35514,34.5247],[134.35485,34.52458],[134.35423,34.52449],[134.354,34.52439],[134.35367,34.52396],[134.35355,34.52363],[134.35354,34.52318],[134.35415,34.52128],[134.35466,34.52037],[134.35497,34.51891],[134.355,34.51853],[134.3549,34.51705],[134.35458,34.51548],[134.35458,34.51504],[134.35468,34.51441],[134.3546,34.51399],[134.35365,34.5121],[134.35311,34.5104],[134.35288,34.51018],[134.3527,34.51009],[134.35241,34.51003],[134.35226,34.50988],[134.35227,34.50973],[134.3525,34.50927],[134.35248,34.509],[134.35174,34.50845],[134.3512,34.50786],[134.35037,34.50754],[134.34981,34.50691],[134.34952,34.5067],[134.34919,34.50636],[134.34907,34.5061],[134.349,34.50551],[134.34863,34.50505],[134.34827,34.50441],[134.34798,34.50379],[134.34785,34.5033],[134.34745,34.50246],[134.34716,34.50118],[134.34712,34.50072],[134.34717,34.50038],[134.34733,34.50002],[134.34762,34.49961],[134.34795,34.49936],[134.34838,34.49918],[134.3495,34.49888],[134.35008,34.49834],[134.35026,34.49807],[134.35031,34.49777],[134.35003,34.49653],[134.35005,34.49621],[134.35012,34.49606],[134.35049,34.49585],[134.35055,34.49565],[134.35027,34.49517],[134.35033,34.49489],[134.3503,34.49477],[134.35,34.49454],[134.34976,34.49388],[134.35032,34.49328],[134.35038,34.49313],[134.35033,34.49284],[134.35013,34.49252],[134.34978,34.49222],[134.34929,34.49189],[134.34885,34.4915],[134.34851,34.49137],[134.34778,34.49124],[134.34735,34.49103],[134.34707,34.49101],[134.34667,34.49113],[134.34651,34.49128],[134.34631,34.49164],[134.34617,34.49173],[134.34595,34.49175],[134.3452,34.4916],[134.34461,34.49142],[134.344,34.49153],[134.34381,34.49152],[134.34313,34.49125],[134.34242,34.49114],[134.34145,34.49066],[134.3414,34.49053],[134.34163,34.49],[134.34166,34.48953],[134.34176,34.48906],[134.342,34.48861],[134.34196,34.48825],[134.34221,34.48759],[134.34219,34.48739],[134.34202,34.4871],[134.34201,34.48695],[134.34217,34.48678],[134.34267,34.48661],[134.34277,34.48642],[134.34263,34.48622],[134.34173,34.48603],[134.34152,34.48592],[134.34132,34.48574],[134.34112,34.48584],[134.34065,34.48571],[134.34022,34.4854],[134.34009,34.48514],[134.34014,34.48488],[134.34037,34.48466],[134.34065,34.48459],[134.34139,34.4846],[134.34155,34.48454],[134.34162,34.48442],[134.34148,34.48406],[134.34148,34.48394],[134.34159,34.48383],[134.34183,34.48373],[134.34189,34.4836],[134.34184,34.48351],[134.3412,34.48312],[134.34101,34.48293],[134.34103,34.4827],[134.34127,34.48245],[134.34153,34.48181],[134.34148,34.48155],[134.34109,34.48113],[134.34108,34.48091],[134.34073,34.4806],[134.34073,34.48039],[134.34105,34.48012],[134.3411,34.47995],[134.34105,34.47985],[134.34094,34.47978],[134.34026,34.47979],[134.34011,34.47973],[134.34011,34.47932],[134.33967,34.47893],[134.34015,34.47862],[134.34026,34.47862],[134.34059,34.47874],[134.34087,34.47876],[134.34165,34.47871],[134.34203,34.47875],[134.34222,34.47865],[134.34291,34.47799],[134.3431,34.47796],[134.3435,34.47801],[134.34365,34.47792],[134.34383,34.47775],[134.34387,34.47764],[134.34378,34.47732],[134.3438,34.47724],[134.3439,34.47717],[134.34418,34.47715],[134.34443,34.47683],[134.34461,34.47622],[134.34461,34.47588],[134.34475,34.47583],[134.34505,34.47599],[134.34516,34.47598],[134.34537,34.47581],[134.34561,34.47583],[134.34596,34.47596],[134.34608,34.47592],[134.34604,34.47554],[134.34631,34.47535],[134.34649,34.47481],[134.34649,34.47445],[134.34665,34.4742],[134.34651,34.474],[134.34625,34.47382],[134.34622,34.47362],[134.34673,34.47281],[134.34712,34.47258],[134.34782,34.47258],[134.34853,34.4721],[134.34891,34.47202],[134.34899,34.47182],[134.34889,34.47136],[134.34898,34.4711],[134.34917,34.47081],[134.34966,34.4704],[134.35001,34.47033],[134.35026,34.47042],[134.35064,34.47065],[134.35082,34.47067],[134.35101,34.4706],[134.35109,34.47051],[134.35111,34.47039],[134.35101,34.47006],[134.35082,34.46985],[134.35032,34.46963],[134.34963,34.46961],[134.3492,34.46946],[134.34889,34.46924],[134.34852,34.46889],[134.34835,34.46865],[134.34814,34.46848],[134.34814,34.46835],[134.34821,34.46824],[134.34872,34.468],[134.34894,34.46784],[134.34904,34.46751],[134.34912,34.46744],[134.34942,34.46733],[134.34961,34.46693],[134.3496,34.46684],[134.3495,34.46675],[134.34919,34.46668],[134.34903,34.4667],[134.34867,34.46691],[134.34853,34.46694],[134.34837,34.46692],[134.34824,34.46679],[134.34834,34.46645],[134.34829,34.46617],[134.3484,34.46591],[134.34828,34.46551],[134.3483,34.46504],[134.34803,34.46461],[134.34809,34.4645],[134.34835,34.46439],[134.34839,34.46429],[134.34825,34.46339],[134.34811,34.46329],[134.34773,34.46326],[134.34713,34.46278],[134.34711,34.46262],[134.34759,34.46237],[134.34768,34.46227],[134.34769,34.4621],[134.34706,34.46175],[134.34666,34.46146],[134.34563,34.46047],[134.34485,34.45915],[134.34439,34.45863],[134.34423,34.45824],[134.34412,34.45812],[134.34389,34.45798],[134.34335,34.45794],[134.34304,34.4581],[134.34284,34.45813],[134.34258,34.45792],[134.34234,34.45754],[134.34203,34.4573],[134.34208,34.45716],[134.34237,34.45692],[134.3424,34.45683],[134.3424,34.45649],[134.34217,34.45622],[134.34227,34.45604],[134.34229,34.45587],[134.34215,34.45573],[134.34165,34.4555],[134.34159,34.45531],[134.34164,34.45514],[134.34211,34.45471],[134.34217,34.45437],[134.342,34.4543],[134.34167,34.45434],[134.34125,34.45401],[134.34084,34.45408],[134.34058,34.45394],[134.34046,34.45366],[134.34017,34.45329],[134.34015,34.45278],[134.34008,34.45252],[134.33994,34.45236],[134.33972,34.45228],[134.33954,34.45231],[134.33935,34.45242],[134.33889,34.45287],[134.33877,34.45291],[134.33832,34.45289],[134.33808,34.45295],[134.33764,34.45294],[134.33734,34.45303],[134.33681,34.45332],[134.33661,34.45332],[134.33619,34.45292],[134.33581,34.45237],[134.33568,34.45145],[134.33529,34.45069],[134.33464,34.45037],[134.33416,34.45003],[134.33387,34.44988],[134.33359,34.44945],[134.33362,34.44924],[134.33393,34.44898],[134.33392,34.44859],[134.33398,34.44852],[134.33429,34.44838],[134.33439,34.44818],[134.3343,34.44797],[134.33398,34.44764],[134.33384,34.44724],[134.33386,34.4471],[134.33409,34.44686],[134.33411,34.44668],[134.33405,34.44652],[134.33379,34.4463],[134.33314,34.44594],[134.33368,34.44541],[134.33373,34.44529],[134.33367,34.44506],[134.33369,34.44494],[134.33439,34.44443],[134.33442,34.44395],[134.33508,34.44335],[134.33536,34.44291],[134.3357,34.44279],[134.33583,34.44269],[134.33616,34.44185],[134.33637,34.44169],[134.3367,34.44121],[134.33721,34.44082],[134.33743,34.4405],[134.3377,34.44026],[134.33778,34.44007],[134.33815,34.43995],[134.33827,34.43972],[134.33846,34.43953],[134.33872,34.43907],[134.33874,34.43874],[134.33887,34.43845],[134.33896,34.43802],[134.33894,34.43764],[134.3386,34.43707],[134.33849,34.4367],[134.33848,34.43616],[134.33835,34.43575],[134.33809,34.43546],[134.33797,34.43518],[134.33768,34.43501],[134.3376,34.4349],[134.33781,34.43429],[134.33762,34.43388],[134.33745,34.43371],[134.33723,34.4337],[134.3368,34.43389],[134.33659,34.4342],[134.33638,34.43436],[134.33609,34.43445],[134.33581,34.43445],[134.3356,34.4345],[134.33507,34.43477],[134.33502,34.43489],[134.3351,34.43572],[134.335,34.43585],[134.33472,34.43589],[134.3339,34.43586],[134.33371,34.43589],[134.33361,34.43595],[134.33358,34.43626],[134.33343,34.43649],[134.33343,34.43658],[134.3338,34.43694],[134.33384,34.43707],[134.33336,34.43781],[134.33321,34.4383],[134.33319,34.43849],[134.33336,34.43903],[134.3333,34.43935],[134.33314,34.43951],[134.33298,34.43958],[134.33215,34.43967],[134.33186,34.43978],[134.33142,34.44008],[134.33091,34.44065],[134.33065,34.44115],[134.33041,34.44147],[134.33031,34.44172],[134.33026,34.44207],[134.33029,34.44302],[134.33042,34.44428],[134.33053,34.4444],[134.33088,34.44452],[134.33109,34.44465],[134.33122,34.44504],[134.33159,34.44529],[134.3315,34.44583],[134.33155,34.44594],[134.33177,34.44616],[134.33164,34.44666],[134.33154,34.44679],[134.33145,34.44683],[134.3309,34.44685],[134.33062,34.44695],[134.33044,34.44762],[134.33031,34.44773],[134.32931,34.44816],[134.32913,34.44828],[134.32901,34.44844],[134.32894,34.44876],[134.32848,34.44897],[134.32812,34.44928],[134.32796,34.4495],[134.32782,34.44992],[134.32771,34.45008],[134.32656,34.45115],[134.32624,34.45137],[134.32556,34.45159],[134.32528,34.45176],[134.32522,34.45189],[134.3252,34.45221],[134.32513,34.45233],[134.32471,34.45249],[134.32458,34.45271],[134.32458,34.45282],[134.32477,34.45318],[134.32485,34.45365],[134.32464,34.45414],[134.32432,34.45456],[134.32432,34.45469],[134.32452,34.45489],[134.32451,34.455],[134.32436,34.45504],[134.32389,34.4548],[134.32377,34.45481],[134.32319,34.4557],[134.32223,34.45671],[134.32147,34.45735],[134.32047,34.45808],[134.31972,34.45838],[134.31947,34.4584],[134.3187,34.45827],[134.31849,34.45817],[134.31795,34.45775],[134.31751,34.45757],[134.31653,34.45754],[134.31637,34.45759],[134.31627,34.4577],[134.31624,34.45782],[134.31631,34.45797],[134.31698,34.45846],[134.31738,34.45897],[134.31742,34.45912],[134.31733,34.45989],[134.31725,34.46009],[134.31705,34.46026],[134.31652,34.46052],[134.31632,34.46074],[134.31626,34.46102],[134.31631,34.46144],[134.31648,34.46169],[134.31708,34.46203],[134.31769,34.46252],[134.3183,34.46346],[134.31859,34.46429],[134.3187,34.46528],[134.31887,34.46553],[134.31921,34.46587],[134.3194,34.46624],[134.31973,34.46776],[134.32008,34.46871],[134.32044,34.47002],[134.32047,34.47038],[134.32037,34.47072],[134.31789,34.47652],[134.3177,34.47659],[134.31539,34.47795],[134.31505,34.4781],[134.31096,34.47915],[134.30529,34.4786],[134.30051,34.47899],[134.29996,34.47897],[134.29969,34.47905],[134.2986,34.47968],[134.29823,34.47984],[134.29779,34.47996],[134.29689,34.48007],[134.29631,34.48004],[134.29549,34.47979],[134.29505,34.4796],[134.29451,34.47921],[134.29425,34.47896],[134.29307,34.47733],[134.29263,34.47618],[134.29236,34.4759],[134.29155,34.47551],[134.29033,34.47472],[134.28916,34.47423],[134.28847,34.47402],[134.28686,34.4737],[134.2851,34.47319],[134.28437,34.47276],[134.2831,34.47147],[134.28274,34.47125],[134.28255,34.47119],[134.28211,34.47115],[134.28053,34.47145],[134.28006,34.47147],[134.27922,34.47126],[134.27861,34.47104],[134.27831,34.47083],[134.27765,34.47022],[134.27726,34.47006],[134.27605,34.46994],[134.27258,34.46974],[134.272,34.46977],[134.27143,34.46987],[134.27084,34.47027],[134.27023,34.47049],[134.26828,34.4706],[134.26611,34.47031],[134.26579,34.47031],[134.2653,34.47046],[134.26469,34.47096],[134.26422,34.47114],[134.26385,34.47114],[134.26323,34.47099],[134.26264,34.47091],[134.26242,34.47094],[134.26173,34.47117],[134.26084,34.47116],[134.26044,34.47122],[134.25868,34.47164],[134.25801,34.47196],[134.25733,34.4725],[134.25594,34.47334],[134.2556,34.47351],[134.25439,34.47397],[134.25418,34.47414],[134.25363,34.47477],[134.2524,34.47556],[134.25193,34.47573],[134.25102,34.47594],[134.2505,34.47616],[134.25017,34.47634],[134.2499,34.47655],[134.24967,34.47686],[134.24776,34.47569],[134.24544,34.47461],[134.24456,34.47394],[134.24405,34.47375],[134.24288,34.47365],[134.24235,34.47348],[134.23717,34.4707],[134.23616,34.47142],[134.23573,34.47158],[134.23519,34.47159],[134.23473,34.47153],[134.23432,34.47138],[134.23387,34.47111],[134.23368,34.47105],[134.23348,34.47107],[134.23298,34.47126],[134.23246,34.47152],[134.23237,34.47167],[134.2324,34.47182],[134.23319,34.47315],[134.23334,34.47348],[134.23337,34.47385],[134.23325,34.47446],[134.23326,34.47492],[134.23351,34.47611],[134.23366,34.47731],[134.23244,34.47896],[134.2322,34.47919],[134.23099,34.47997],[134.22989,34.4803],[134.22867,34.48099],[134.22814,34.48116],[134.22683,34.4813],[134.22661,34.48129],[134.22618,34.48116],[134.2253,34.48071],[134.22492,34.48057],[134.22468,34.48053],[134.22334,34.4805],[134.22232,34.48007],[134.22199,34.48002],[134.22171,34.48004],[134.22108,34.48019],[134.2206,34.48037],[134.22013,34.4807],[134.2196,34.48119],[134.21917,34.48139],[134.21734,34.48157],[134.21637,34.48174],[134.20776,34.48415],[134.20703,34.48435],[134.20669,34.4844],[134.20626,34.48437],[134.2051,34.48407],[134.20474,34.48388],[134.20423,34.48348],[134.20394,34.48339],[134.20263,34.48352],[134.20228,34.48345],[134.20097,34.483],[134.20079,34.48297],[134.20042,34.483],[134.19978,34.48315],[134.19898,34.48365],[134.19857,34.48402],[134.19834,34.48431],[134.19781,34.48518],[134.19707,34.48649],[134.19694,34.48666],[134.1967,34.48684],[134.19628,34.48706],[134.19549,34.48727],[134.19368,34.48769],[134.19306,34.48776],[134.19081,34.48565],[134.18993,34.48461],[134.18952,34.48393],[134.18922,34.48326],[134.18868,34.48125],[134.18809,34.48023],[134.1878,34.47995],[134.18754,34.47982],[134.18715,34.47975],[134.18461,34.47976],[134.184,34.47964],[134.18369,34.47952],[134.18339,34.47933],[134.18209,34.47824],[134.18177,34.47786],[134.18048,34.47797],[134.17991,34.47785],[134.17963,34.4777],[134.17949,34.47757],[134.17905,34.47694],[134.17877,34.47681],[134.17856,34.47681],[134.17835,34.47687],[134.17768,34.47721],[134.17728,34.47723],[134.17659,34.47713],[134.17591,34.47696],[134.17432,34.47636],[134.17282,34.47546],[134.1716,34.47437],[134.17102,34.47371],[134.17094,34.47367],[134.1705,34.47371],[134.17009,34.4735],[134.16994,34.47339],[134.1697,34.473],[134.16867,34.47231],[134.16825,34.47183],[134.16759,34.47149],[134.16689,34.471],[134.16655,34.47052],[134.16641,34.46995],[134.16628,34.46967],[134.16554,34.46897],[134.16437,34.46719],[134.1613,34.46497],[134.16102,34.46484],[134.15954,34.46455],[134.15716,34.46437],[134.15692,34.46432],[134.15644,34.46402],[134.15503,34.46298],[134.15405,34.46244],[134.15365,34.46229],[134.1526,34.46206],[134.1523,34.46204],[134.15196,34.46213],[134.15172,34.46229],[134.15157,34.4625],[134.15065,34.46449],[134.14988,34.46581],[134.14866,34.46764],[134.14782,34.46909],[134.14757,34.4693],[134.14711,34.46948],[134.14658,34.46953],[134.14626,34.46951],[134.14528,34.46921],[134.14507,34.46905],[134.14484,34.46862],[134.14466,34.46855],[134.1445,34.46855],[134.14427,34.46869],[134.14401,34.46917],[134.14349,34.4695],[134.14326,34.46978],[134.14283,34.47038],[134.14273,34.47073],[134.14273,34.47108],[134.14282,34.47131],[134.14331,34.47194],[134.14367,34.47218],[134.14379,34.4724],[134.14384,34.47315],[134.14411,34.47493],[134.14416,34.47631],[134.14437,34.47716],[134.14498,34.47897],[134.1453,34.47961],[134.14566,34.48014],[134.14798,34.48337],[134.14822,34.48361],[134.14879,34.48389],[134.14982,34.48464],[134.15055,34.48493],[134.15077,34.48506],[134.1513,34.48555],[134.15156,34.48571],[134.15383,34.48655],[134.15456,34.48696],[134.1548,34.48694],[134.15518,34.48675],[134.15539,34.4867],[134.1563,34.48675],[134.15947,34.48639],[134.16001,34.48643],[134.16143,34.48684],[134.16176,34.4868],[134.16222,34.48666],[134.16255,34.48668],[134.16284,34.48679],[134.16339,34.48715],[134.1638,34.48725],[134.16435,34.48723],[134.16455,34.48726],[134.16479,34.48734],[134.16525,34.48762],[134.16575,34.48784],[134.16595,34.488],[134.16689,34.48908],[134.16751,34.48959],[134.16785,34.48969],[134.16804,34.48968],[134.17108,34.48904],[134.1722,34.48861]]]},"properties":{"id":444,"name":"香川県【KG-２】小豆島一周ルート","group":"Setouchi routes","elev_up_m":757,"intro_url":"https://setouchivelo.jp/route/route-291/","profile":[[0.0,6],[1.51,6],[2.81,4],[4.12,20],[4.81,24],[6.25,7],[7.25,0],[8.71,3],[9.91,0],[10.79,31],[11.92,10],[12.92,24],[13.87,34],[14.72,7],[16.24,13],[17.25,39],[17.89,10],[18.95,13],[20.1,12],[21.25,23],[22.68,6],[23.39,29],[24.88,8],[26.12,24],[26.89,62],[27.81,79],[28.87,52],[29.7,7],[30.66,36],[31.44,33],[32.44,6],[33.53,37],[34.18,32],[34.97,27],[35.54,61],[36.47,12],[38.09,76],[39.08,2],[40.0,27],[40.68,38],[41.47,16],[42.14,63],[42.82,109],[43.4,115],[43.97,166],[44.7,93],[45.52,50],[46.08,78],[46.9,67],[47.54,93],[48.15,65],[48.91,57],[49.55,71],[50.27,53],[51.05,51],[51.89,55],[52.81,47],[53.47,42],[54.27,15],[55.2,15],[55.82,17],[57.08,6],[58.93,3],[60.31,4],[61.51,5],[62.72,17],[63.48,37],[64.49,64],[66.14,6],[67.23,6],[68.47,12],[70.09,15],[71.21,14],[72.89,7],[74.02,6],[75.09,37],[76.63,6],[77.99,6],[79.59,4],[80.73,24],[81.52,16],[82.34,6]],"desc":"距離：82.4㎞\r\nhttps://setouchivelo.jp/route/route-291/","elev_src":"source","weight":3,"opacity":1}},{"type":"Feature","geometry":{"type":"MultiLineString","coordinates":[[[134.2987,34.47625],[134.29871,34.47692],[134.29887,34.47722],[134.29897,34.47771],[134.29975,34.47861],[134.29962,34.47868],[134.2999,34.47905],[134.29863,34.47968],[134.29789,34.47994],[134.29678,34.48008],[134.29618,34.48001],[134.29517,34.47967],[134.29488,34.4795],[134.29427,34.47901],[134.29321,34.47756],[134.29291,34.47699],[134.29262,34.47614],[134.29245,34.47593],[134.29148,34.47546],[134.29052,34.47482],[134.28925,34.47427],[134.28845,34.47402],[134.28731,34.4738],[134.28557,34.47336],[134.28511,34.47319],[134.28458,34.47291],[134.28434,34.47273],[134.28313,34.47151],[134.28282,34.47129],[134.28217,34.47116],[134.28061,34.47144],[134.28016,34.47149],[134.27993,34.47146],[134.27882,34.47114],[134.27834,34.47086],[134.27763,34.47021],[134.2774,34.47008],[134.27617,34.46995],[134.27246,34.46974],[134.27181,34.46979],[134.27141,34.46988],[134.27075,34.47031],[134.27013,34.4705],[134.2681,34.47059],[134.26611,34.47031],[134.26574,34.47032],[134.26527,34.47048],[134.26468,34.47097],[134.26422,34.47115],[134.26386,34.47115],[134.26291,34.47093],[134.26256,34.47092],[134.26171,34.47116],[134.26089,34.47115],[134.26041,34.47121],[134.25843,34.4717],[134.25782,34.47201],[134.25711,34.4726],[134.25588,34.47338],[134.25436,34.47399],[134.25361,34.47478],[134.2526,34.47546],[134.25238,34.47557],[134.25091,34.47598],[134.25025,34.47628],[134.24997,34.47649],[134.24968,34.47684],[134.24928,34.47831],[134.24914,34.47849],[134.24873,34.47882],[134.24882,34.47901],[134.24879,34.47911],[134.24869,34.47919],[134.24848,34.47924],[134.24812,34.47962],[134.24803,34.47983],[134.24807,34.48003],[134.24867,34.48058],[134.24919,34.48121],[134.24947,34.4812],[134.24958,34.48111],[134.24961,34.48101],[134.24956,34.48091],[134.24913,34.48065],[134.24889,34.48015],[134.24898,34.48002],[134.24915,34.48006],[134.2492,34.48033],[134.24931,34.48049],[134.24997,34.48067],[134.25021,34.48086],[134.25011,34.48154],[134.24992,34.48166],[134.24959,34.48177],[134.24926,34.48172],[134.24917,34.4818],[134.24923,34.48194],[134.24932,34.48197],[134.2495,34.48189],[134.25017,34.48175],[134.25029,34.48164],[134.25051,34.48125],[134.25063,34.4812],[134.25085,34.48127],[134.25147,34.48166],[134.2521,34.48169],[134.25247,34.48176],[134.25261,34.48173],[134.25268,34.48162],[134.25254,34.48138],[134.25257,34.48129],[134.25283,34.48102],[134.2528,34.48076],[134.25331,34.48045],[134.25375,34.48061],[134.25389,34.48059],[134.25399,34.48046],[134.25408,34.48016],[134.25427,34.48003],[134.25439,34.48005],[134.25449,34.48015],[134.25478,34.481],[134.25477,34.48156],[134.25482,34.48169],[134.2556,34.48184],[134.25577,34.48179],[134.25579,34.48168],[134.25548,34.48151],[134.25542,34.48135],[134.25567,34.48106],[134.25611,34.48096],[134.25661,34.4811],[134.25699,34.48088],[134.25725,34.48086],[134.25787,34.48093],[134.25811,34.48103],[134.25824,34.481],[134.2587,34.48067],[134.25917,34.48066],[134.25956,34.48047],[134.25976,34.48056],[134.26001,34.48087],[134.2603,34.48091],[134.26116,34.48129],[134.26185,34.48093],[134.26246,34.48082],[134.26264,34.4807],[134.26276,34.48072],[134.26282,34.48082],[134.26275,34.48093],[134.26242,34.48092],[134.26192,34.4811],[134.26105,34.48175],[134.26076,34.4818],[134.26071,34.48192],[134.26077,34.48201],[134.26093,34.48202],[134.26112,34.48182],[134.26181,34.48147],[134.26216,34.48134],[134.2625,34.48129],[134.26309,34.48132],[134.26369,34.48127],[134.26377,34.48138],[134.26366,34.48149],[134.26315,34.48148],[134.26259,34.48157],[134.26252,34.48167],[134.26259,34.48191],[134.26273,34.48197],[134.26335,34.48169],[134.26356,34.48167],[134.26365,34.4817],[134.26383,34.48181],[134.26465,34.48257],[134.26495,34.48299],[134.26496,34.48313],[134.26483,34.48329],[134.26486,34.48387],[134.26447,34.48396],[134.26441,34.48403],[134.26442,34.4844],[134.26431,34.48484],[134.26447,34.48506],[134.26444,34.48532],[134.26459,34.48571],[134.2645,34.48578],[134.26417,34.48587],[134.26409,34.48596],[134.26445,34.48696],[134.26464,34.48727],[134.26452,34.4876],[134.26454,34.48802],[134.26427,34.48827],[134.26424,34.48835],[134.26438,34.48864],[134.26471,34.48893],[134.26474,34.48913],[134.26433,34.48956],[134.26413,34.48963],[134.26376,34.48966],[134.26366,34.48974],[134.26367,34.48983],[134.26374,34.48989],[134.26386,34.4899],[134.26411,34.48979],[134.2646,34.48972],[134.26475,34.48965],[134.2654,34.48914],[134.26544,34.48885],[134.26537,34.48867],[134.26548,34.48855],[134.26559,34.48856],[134.26568,34.48865],[134.2656,34.48897],[134.2656,34.48949],[134.26544,34.48976],[134.26512,34.48991],[134.26515,34.49006],[134.26531,34.49009],[134.26538,34.49005],[134.2655,34.48986],[134.2661,34.48946],[134.26626,34.4893],[134.26632,34.48912],[134.26626,34.48879],[134.26612,34.48862],[134.26615,34.48851],[134.26628,34.48848],[134.26639,34.48852],[134.26639,34.48874],[134.2666,34.48895],[134.26666,34.48914],[134.26665,34.48956],[134.26651,34.48987],[134.2663,34.49024],[134.26583,34.49088],[134.2655,34.49112],[134.26488,34.49123],[134.26478,34.49133],[134.2648,34.49144],[134.26491,34.49152],[134.26503,34.49154],[134.26566,34.49151],[134.26636,34.49119],[134.26739,34.49102],[134.26748,34.49119],[134.26667,34.49175],[134.26606,34.49229],[134.26594,34.49242],[134.2659,34.49257],[134.26603,34.49269],[134.26621,34.49272],[134.26658,34.49274],[134.26676,34.4927],[134.26684,34.49278],[134.26681,34.49289],[134.26691,34.49294],[134.26828,34.49336],[134.26893,34.49326],[134.26961,34.49331],[134.27055,34.49293],[134.27103,34.49247],[134.27125,34.4924],[134.27203,34.49239],[134.2726,34.49203],[134.27278,34.49202],[134.27406,34.49305],[134.2743,34.49337],[134.27413,34.49359],[134.27433,34.49374]]]},"properties":{"id":"shodo-kankakei-south","name":"寒霞渓ヒルクライム 南ルート（県道29号・草壁）","group":"Setouchi routes","source":"OpenStreetMap","distance_km":13.2,"elev_up_m":680,"intro_url":"https://naocky-charicamp.com/shodoshima-kankakei-hill-climb","profile":[[0.0,0],[0.17,1],[0.35,6],[0.66,8],[0.85,4],[1.19,5],[1.42,5],[1.74,2],[2.06,8],[2.32,6],[2.57,3],[2.74,4],[2.92,6],[3.43,13],[3.61,15],[4.01,21],[4.18,29],[4.34,32],[4.54,40],[4.89,69],[5.3,84],[5.58,61],[5.73,66],[5.98,54],[6.02,57],[6.12,60],[6.31,92],[6.36,101],[6.48,89],[6.55,100],[6.66,124],[6.79,122],[6.85,122],[6.94,136],[7.02,141],[7.17,160],[7.23,174],[7.31,172],[7.44,188],[7.51,181],[7.55,184],[7.73,214],[7.83,225],[7.92,225],[8.06,238],[8.16,253],[8.27,260],[8.38,275],[8.57,288],[8.66,294],[8.72,296],[8.9,301],[8.94,300],[9.08,309],[9.22,321],[9.3,329],[9.39,327],[9.49,337],[9.63,354],[9.72,369],[9.83,366],[9.95,388],[10.04,400],[10.2,399],[10.32,420],[10.4,417],[10.53,430],[10.6,424],[10.63,431],[10.71,441],[10.85,447],[10.89,458],[11.02,465],[11.08,473],[11.19,478],[11.27,480],[11.31,488],[11.38,488],[11.49,495],[11.65,514],[11.74,511],[11.82,527],[12.01,542],[12.21,550],[12.26,553],[12.32,559],[12.48,571],[12.7,577],[12.86,582],[13.11,591],[13.2,589]],"elev_src":"source"}},{"type":"Feature","geometry":{"type":"MultiLineString","coordinates":[[[134.34442,34.52378],[134.34476,34.52392],[134.34472,34.52402],[134.34448,34.524],[134.34459,34.52417],[134.34481,34.52423],[134.34495,34.52438],[134.3462,34.52493],[134.34668,34.52546],[134.34698,34.52571],[134.34715,34.52574],[134.34746,34.52564],[134.3476,34.52568],[134.34772,34.52586],[134.34777,34.52637],[134.34786,34.52657],[134.34825,34.52688],[134.34882,34.52709],[134.34941,34.52722],[134.34977,34.52738],[134.35002,34.52744],[134.35029,34.52749],[134.35059,34.52748],[134.35089,34.52738],[134.35097,34.52731],[134.35097,34.52717],[134.35085,34.52705],[134.35058,34.52696],[134.34995,34.52694],[134.34959,34.52681],[134.34955,34.52675],[134.34963,34.52671],[134.35024,34.52681],[134.35057,34.52667],[134.35096,34.52664],[134.3512,34.52674],[134.35144,34.52703],[134.35151,34.52705],[134.35158,34.52706],[134.35216,34.52688],[134.35233,34.52691],[134.35261,34.52719],[134.35285,34.52734],[134.35291,34.52755],[134.35301,34.52763],[134.35324,34.52757],[134.35353,34.52719],[134.35383,34.52709],[134.35396,34.52712],[134.35404,34.52719],[134.35405,34.5273],[134.35394,34.5275],[134.35396,34.52759],[134.35427,34.52792],[134.35455,34.52802],[134.3549,34.52789],[134.35535,34.52787],[134.35542,34.52781],[134.35549,34.52747],[134.35556,34.52742],[134.35565,34.52743],[134.35617,34.52817],[134.3563,34.52869],[134.35632,34.52931],[134.35648,34.52972],[134.35666,34.5299],[134.35699,34.53002],[134.35702,34.52934],[134.35678,34.52799],[134.35669,34.52766],[134.35632,34.52688],[134.35636,34.5261],[134.35631,34.52591],[134.35611,34.52567],[134.35569,34.52537],[134.35526,34.52478],[134.35508,34.52466],[134.35486,34.52458],[134.35417,34.52448],[134.35396,34.52436],[134.35364,34.52392],[134.35354,34.52363],[134.35352,34.52327],[134.35357,34.52305],[134.35411,34.52139],[134.35463,34.52048],[134.35497,34.51888],[134.35489,34.51693],[134.35456,34.51547],[134.35464,34.51409],[134.35363,34.51206],[134.35308,34.51036],[134.35293,34.51021],[134.35235,34.51],[134.35227,34.5099],[134.35227,34.50971],[134.35249,34.50929],[134.35251,34.50916],[134.35243,34.50896],[134.35175,34.50847],[134.35118,34.50784],[134.35058,34.50764],[134.35032,34.5075],[134.34992,34.50703],[134.34922,34.5064],[134.34905,34.50603],[134.349,34.50552],[134.34856,34.50493],[134.34798,34.50379],[134.34783,34.50324],[134.34744,34.50243],[134.34715,34.50119],[134.34712,34.50072],[134.3472,34.50025],[134.34761,34.4996],[134.34793,34.49936],[134.34814,34.49927],[134.34865,34.49908],[134.34953,34.49886],[134.35018,34.4982],[134.35026,34.49804],[134.35028,34.49758],[134.35005,34.49668],[134.35005,34.49619],[134.35016,34.49603],[134.35048,34.49585],[134.35056,34.49564],[134.3504,34.49543],[134.35026,34.49513],[134.35033,34.49487],[134.35031,34.49476],[134.35,34.49456],[134.34974,34.49387],[134.35035,34.49323],[134.35037,34.49307],[134.3503,34.49279],[134.35009,34.49248],[134.34872,34.49143],[134.34842,34.49134],[134.34785,34.49126],[134.34729,34.491],[134.34695,34.49102],[134.34669,34.49112],[134.34653,34.49125],[134.3463,34.49164],[134.34611,34.49174],[134.34592,34.49174],[134.34522,34.4916],[134.34459,34.49141],[134.34413,34.49151],[134.34383,34.49152],[134.3431,34.49124],[134.34236,34.49113],[134.34144,34.49065],[134.3414,34.49047],[134.34163,34.48995],[134.34175,34.48907],[134.342,34.48863],[134.34199,34.48816],[134.34221,34.48759],[134.34221,34.48744],[134.34202,34.48713],[134.342,34.48695],[134.3422,34.48675],[134.34265,34.48662],[134.34275,34.48652],[134.34276,34.48636],[134.34258,34.4862],[134.34198,34.48611],[134.34169,34.48601],[134.34134,34.48576],[134.33985,34.48331],[134.33909,34.48241],[134.33809,34.48157],[134.33708,34.48095],[134.33652,34.48067],[134.33558,34.48034],[134.33472,34.48017],[134.33295,34.48014],[134.33118,34.48026],[134.32909,34.48055],[134.32741,34.48089],[134.32678,34.48105],[134.32604,34.48134],[134.32454,34.48151],[134.32329,34.4819],[134.3226,34.48204],[134.3217,34.48211],[134.31975,34.4821],[134.31903,34.48218],[134.31889,34.48209],[134.31876,34.48165],[134.31852,34.4812],[134.31683,34.47944],[134.3162,34.47886],[134.31598,34.47872],[134.31475,34.47819],[134.31099,34.47915],[134.30515,34.4786],[134.30006,34.47903],[134.29979,34.47908],[134.29863,34.47968],[134.29789,34.47994],[134.29692,34.48007],[134.29639,34.48006],[134.29517,34.47967],[134.29488,34.4795],[134.29427,34.47901],[134.29321,34.47756],[134.29291,34.47699],[134.29262,34.47614],[134.29245,34.47593],[134.29148,34.47546],[134.29052,34.47482],[134.28925,34.47427],[134.28845,34.47402],[134.28731,34.4738],[134.28557,34.47336],[134.28511,34.47319],[134.28458,34.47291],[134.28434,34.47273],[134.28313,34.47151],[134.28282,34.47129],[134.28217,34.47116],[134.28061,34.47144],[134.28016,34.47149],[134.27993,34.47146],[134.27882,34.47114],[134.27834,34.47086],[134.27763,34.47021],[134.2774,34.47008],[134.27617,34.46995],[134.27277,34.46975],[134.2722,34.46975],[134.27158,34.46983],[134.27125,34.46995],[134.27075,34.47031],[134.27013,34.4705],[134.2681,34.47059],[134.26611,34.47031],[134.26574,34.47032],[134.26527,34.47048],[134.26468,34.47097],[134.26422,34.47115],[134.26386,34.47115],[134.26291,34.47093],[134.26256,34.47092],[134.26171,34.47116],[134.26089,34.47115],[134.26041,34.47121],[134.25843,34.4717],[134.25782,34.47201],[134.25711,34.4726],[134.25588,34.47338],[134.25436,34.47399],[134.25361,34.47478],[134.2526,34.47546],[134.25238,34.47557],[134.25091,34.47598],[134.25025,34.47628],[134.24997,34.47649],[134.24968,34.47684],[134.24928,34.47831],[134.24914,34.47849],[134.24873,34.47882],[134.24882,34.47901],[134.24879,34.47911],[134.24869,34.47919],[134.24848,34.47924],[134.24812,34.47962],[134.24803,34.47983],[134.24807,34.48003],[134.24867,34.48058],[134.24919,34.48121],[134.24947,34.4812],[134.24958,34.48111],[134.24961,34.48101],[134.24956,34.48091],[134.24913,34.48065],[134.24889,34.48015],[134.24898,34.48002],[134.24915,34.48006],[134.2492,34.48033],[134.24931,34.48049],[134.24997,34.48067],[134.25021,34.48086],[134.25011,34.48154],[134.24992,34.48166],[134.24959,34.48177],[134.24926,34.48172],[134.24917,34.4818],[134.24923,34.48194],[134.24932,34.48197],[134.2495,34.48189],[134.25017,34.48175],[134.25029,34.48164],[134.25051,34.48125],[134.25063,34.4812],[134.25085,34.48127],[134.25147,34.48166],[134.2521,34.48169],[134.25247,34.48176],[134.25261,34.48173],[134.25268,34.48162],[134.25254,34.48138],[134.25257,34.48129],[134.25283,34.48102],[134.2528,34.48076],[134.25331,34.48045],[134.25375,34.48061],[134.25389,34.48059],[134.25399,34.48046],[134.25408,34.48016],[134.25427,34.48003],[134.25439,34.48005],[134.25449,34.48015],[134.25478,34.481],[134.25477,34.48156],[134.25482,34.48169],[134.2556,34.48184],[134.25577,34.48179],[134.25579,34.48168],[134.25548,34.48151],[134.25542,34.48135],[134.25567,34.48106],[134.25611,34.48096],[134.25661,34.4811],[134.25699,34.48088],[134.25725,34.48086],[134.25787,34.48093],[134.25811,34.48103],[134.25824,34.481],[134.2587,34.48067],[134.25917,34.48066],[134.25956,34.48047],[134.25976,34.48056],[134.26001,34.48087],[134.2603,34.48091],[134.26116,34.48129],[134.26185,34.48093],[134.26246,34.48082],[134.26264,34.4807],[134.26276,34.48072],[134.26282,34.48082],[134.26275,34.48093],[134.26242,34.48092],[134.26192,34.4811],[134.26105,34.48175],[134.26076,34.4818],[134.26071,34.48192],[134.26077,34.48201],[134.26093,34.48202],[134.26112,34.48182],[134.26181,34.48147],[134.26216,34.48134],[134.2625,34.48129],[134.26309,34.48132],[134.26369,34.48127],[134.26377,34.48138],[134.26366,34.48149],[134.26315,34.48148],[134.26259,34.48157],[134.26252,34.48167],[134.26259,34.48191],[134.26273,34.48197],[134.26335,34.48169],[134.26356,34.48167],[134.26365,34.4817],[134.26383,34.48181],[134.26465,34.48257],[134.26495,34.48299],[134.26496,34.48313],[134.26483,34.48329],[134.26486,34.48387],[134.26447,34.48396],[134.26441,34.48403],[134.26442,34.4844],[134.26431,34.48484],[134.26447,34.48506],[134.26444,34.48532],[134.26459,34.48571],[134.2645,34.48578],[134.26417,34.48587],[134.26409,34.48596],[134.26445,34.48696],[134.26464,34.48727],[134.26452,34.4876],[134.26454,34.48802],[134.26427,34.48827],[134.26424,34.48835],[134.26438,34.48864],[134.26471,34.48893],[134.26474,34.48913],[134.26433,34.48956],[134.26413,34.48963],[134.26376,34.48966],[134.26366,34.48974],[134.26367,34.48983],[134.26374,34.48989],[134.26386,34.4899],[134.26411,34.48979],[134.2646,34.48972],[134.26475,34.48965],[134.2654,34.48914],[134.26544,34.48885],[134.26537,34.48867],[134.26548,34.48855],[134.26559,34.48856],[134.26568,34.48865],[134.2656,34.48897],[134.2656,34.48949],[134.26544,34.48976],[134.26512,34.48991],[134.26515,34.49006],[134.26531,34.49009],[134.26538,34.49005],[134.2655,34.48986],[134.2661,34.48946],[134.26626,34.4893],[134.26632,34.48912],[134.26628,34.48884],[134.26612,34.48862],[134.26615,34.48851],[134.26628,34.48848],[134.26639,34.48852],[134.26639,34.48874],[134.2666,34.48895],[134.26666,34.48914],[134.26665,34.48956],[134.26651,34.48987],[134.2663,34.49024],[134.26583,34.49088],[134.2655,34.49112],[134.26488,34.49123],[134.26478,34.49133],[134.2648,34.49144],[134.26491,34.49152],[134.26503,34.49154],[134.26566,34.49151],[134.26636,34.49119],[134.26739,34.49102],[134.26748,34.49119],[134.26667,34.49175],[134.26606,34.49229],[134.26594,34.49242],[134.2659,34.49257],[134.26603,34.49269],[134.26621,34.49272],[134.26658,34.49274],[134.26676,34.4927],[134.26684,34.49278],[134.26681,34.49289],[134.26691,34.49294],[134.26828,34.49336],[134.26893,34.49326],[134.26961,34.49331],[134.27055,34.49293],[134.27103,34.49247],[134.27125,34.4924],[134.27203,34.49239],[134.2726,34.49203],[134.27278,34.49202],[134.27406,34.49305],[134.2743,34.49337],[134.27413,34.49359],[134.27433,34.49374]]]},"properties":{"id":"shodo-kankakei-east","name":"寒霞渓ヒルクライム 東ルート（県道246号・福田）","group":"Setouchi routes","source":"OpenStreetMap","distance_km":25.7,"elev_up_m":821,"intro_url":"https://naocky-charicamp.com/shodoshima-kankakei-hill-climb","profile":[[0.0,245],[0.11,232],[0.39,214],[0.54,210],[0.76,201],[0.87,189],[1.02,193],[1.18,170],[1.3,149],[1.43,136],[1.54,123],[1.69,105],[1.79,90],[2.09,66],[2.48,42],[2.75,20],[2.94,14],[3.34,31],[4.3,63],[4.61,71],[4.87,45],[5.16,26],[5.59,2],[5.96,6],[6.23,16],[6.49,29],[6.62,39],[6.88,43],[7.23,31],[7.38,24],[7.59,14],[7.92,15],[8.2,28],[8.35,36],[8.52,47],[9.25,88],[9.95,23],[10.5,9],[10.91,9],[11.38,6],[12.9,6],[13.36,5],[13.82,4],[14.28,2],[14.69,6],[15.15,4],[15.45,6],[16.02,12],[16.55,21],[16.84,31],[17.27,58],[17.83,84],[18.22,64],[18.54,56],[18.66,60],[18.89,98],[19.04,92],[19.2,124],[19.37,116],[19.5,138],[19.71,160],[19.81,165],[19.99,189],[20.09,184],[20.36,226],[20.5,225],[20.7,253],[20.87,261],[21.16,293],[21.25,296],[21.46,300],[21.65,312],[21.83,329],[22.01,337],[22.22,371],[22.37,366],[22.56,404],[22.77,411],[22.94,417],[23.12,425],[23.19,435],[23.39,447],[23.52,463],[23.63,473],[23.8,480],[23.89,487],[24.07,502],[24.28,511],[24.53,538],[24.76,552],[24.86,559],[25.14,572],[25.46,592],[25.74,589]],"elev_src":"source"}},{"type":"Feature","geometry":{"type":"MultiLineString","coordinates":[[[134.27269,34.54631],[134.27245,34.54635],[134.27223,34.54646],[134.27158,34.54709],[134.26983,34.54763],[134.26918,34.54767],[134.26898,34.54765],[134.26851,34.5475],[134.26791,34.54747],[134.26617,34.54785],[134.26587,34.5478],[134.26486,34.54723],[134.26397,34.5469],[134.26356,34.54686],[134.26256,34.54695],[134.26194,34.54695],[134.26102,34.54685],[134.26046,34.54668],[134.26008,34.5465],[134.25971,34.54623],[134.25898,34.5455],[134.25883,34.54541],[134.2583,34.54529],[134.25787,34.54492],[134.25748,34.54429],[134.25742,34.54366],[134.25711,34.54311],[134.25713,34.54254],[134.25701,34.54234],[134.25683,34.54222],[134.25612,34.54192],[134.25578,34.54188],[134.25541,34.54197],[134.25494,34.54226],[134.25463,34.54228],[134.25436,34.5421],[134.25378,34.54134],[134.25285,34.54064],[134.25258,34.54055],[134.25166,34.54044],[134.25099,34.54031],[134.25029,34.54006],[134.24988,34.53986],[134.24925,34.5394],[134.24846,34.53908],[134.24817,34.53892],[134.2464,34.53773],[134.24587,34.53746],[134.24546,34.53718],[134.24501,34.53678],[134.24457,34.53628],[134.24394,34.53592],[134.24345,34.53513],[134.24268,34.53425],[134.24256,34.53406],[134.24236,34.53338],[134.24225,34.53319],[134.24049,34.53036],[134.24021,34.53004],[134.24001,34.52992],[134.23862,34.52927],[134.23586,34.52905],[134.23518,34.52896],[134.23464,34.52885],[134.23335,34.52845],[134.23317,34.52835],[134.23271,34.52791],[134.23219,34.52751],[134.23122,34.52699],[134.23046,34.52668],[134.2285,34.52669],[134.22811,34.52677],[134.22788,34.52691],[134.22777,34.5271],[134.22792,34.52754],[134.22791,34.52772],[134.22784,34.5278],[134.22771,34.52787],[134.22709,34.52796],[134.22621,34.52828],[134.22531,34.52813],[134.22456,34.52826],[134.22402,34.5282],[134.22225,34.52744],[134.22212,34.52717],[134.22208,34.5269],[134.22252,34.52526],[134.22245,34.52497],[134.22167,34.52405],[134.22137,34.52392],[134.22108,34.52389],[134.22056,34.52407],[134.22038,34.52419],[134.22017,34.52449],[134.2201,34.52454],[134.21993,34.52456],[134.21941,34.52443],[134.21871,34.52389],[134.21853,34.52365],[134.21844,34.52334],[134.21849,34.52166],[134.21844,34.52137],[134.21822,34.521],[134.21742,34.52034],[134.21722,34.51996],[134.21718,34.51966],[134.21726,34.51934],[134.21794,34.51797],[134.21841,34.51658],[134.21838,34.51627],[134.21831,34.51612],[134.21784,34.51537],[134.21767,34.51469],[134.21761,34.5142],[134.21763,34.51346],[134.21747,34.51259],[134.21756,34.51177],[134.21745,34.51149],[134.21722,34.51126],[134.21604,34.51062],[134.21584,34.51046],[134.21561,34.51004],[134.21556,34.50971],[134.21559,34.5093],[134.21591,34.50813],[134.21597,34.50763],[134.21598,34.50612],[134.21594,34.5058],[134.21461,34.5033],[134.21452,34.50295],[134.21454,34.50245],[134.21442,34.50225],[134.21415,34.50209],[134.21322,34.50189],[134.21305,34.50173],[134.21308,34.50152],[134.21356,34.50078],[134.21352,34.50055],[134.21343,34.50048],[134.2132,34.50044],[134.21256,34.50056],[134.21242,34.50056],[134.21221,34.50049],[134.21197,34.50022],[134.21135,34.49915],[134.21095,34.49889],[134.2098,34.49835],[134.20959,34.49817],[134.20908,34.49758],[134.20886,34.49741],[134.20808,34.49713],[134.20763,34.49689],[134.20696,34.49629],[134.20665,34.49608],[134.20525,34.4953],[134.2047,34.49466],[134.20439,34.49409],[134.20415,34.49381],[134.20306,34.49327],[134.20169,34.49308],[134.20118,34.49291],[134.19946,34.49193],[134.19614,34.49051],[134.19564,34.49016],[134.19308,34.48777],[134.19544,34.48729],[134.19607,34.48712],[134.19669,34.4868],[134.19707,34.48646],[134.19723,34.48625],[134.19831,34.48435],[134.19869,34.48389],[134.19895,34.48367],[134.19944,34.48338],[134.20047,34.48299],[134.20079,34.48297],[134.20098,34.48301],[134.20256,34.48352],[134.20378,34.48341],[134.20408,34.48346],[134.20443,34.48366],[134.2049,34.48401],[134.20623,34.48437],[134.2067,34.4844],[134.20715,34.48432],[134.21658,34.48168],[134.21919,34.48135],[134.21968,34.48111],[134.22063,34.48035],[134.22109,34.48018],[134.22162,34.48006],[134.22201,34.48002],[134.22248,34.48013],[134.2234,34.48052],[134.22461,34.48054],[134.22517,34.48064],[134.22618,34.48116],[134.22658,34.48128],[134.22814,34.48117],[134.22867,34.48099],[134.22908,34.48151],[134.22991,34.48224],[134.23121,34.48235],[134.23172,34.48244],[134.23489,34.48355],[134.23514,34.48358],[134.23539,34.48355],[134.23811,34.48268],[134.23847,34.48261],[134.23874,34.48264],[134.24116,34.48326],[134.24141,34.48327],[134.24168,34.4832],[134.24274,34.48262],[134.24346,34.4818],[134.24393,34.48145],[134.24469,34.48112],[134.2456,34.48088],[134.24613,34.48067],[134.24873,34.47882],[134.24882,34.47901],[134.24879,34.47911],[134.24869,34.47919],[134.24848,34.47924],[134.24812,34.47962],[134.24803,34.47983],[134.24807,34.48003],[134.24867,34.48058],[134.24919,34.48121],[134.24947,34.4812],[134.24958,34.48111],[134.24961,34.48101],[134.24956,34.48091],[134.24913,34.48065],[134.24889,34.48015],[134.24898,34.48002],[134.24915,34.48006],[134.2492,34.48033],[134.24931,34.48049],[134.24997,34.48067],[134.25021,34.48086],[134.25011,34.48154],[134.24992,34.48166],[134.24959,34.48177],[134.24926,34.48172],[134.24918,34.48178],[134.24917,34.48188],[134.24932,34.48197],[134.2495,34.48189],[134.25017,34.48175],[134.25029,34.48164],[134.25051,34.48125],[134.25063,34.4812],[134.25085,34.48127],[134.25147,34.48166],[134.2521,34.48169],[134.25247,34.48176],[134.25261,34.48173],[134.25268,34.48162],[134.25254,34.48138],[134.25257,34.48129],[134.25283,34.48102],[134.2528,34.48076],[134.25331,34.48045],[134.25375,34.48061],[134.25389,34.48059],[134.25399,34.48046],[134.25408,34.48016],[134.25427,34.48003],[134.25439,34.48005],[134.25449,34.48015],[134.25478,34.481],[134.25477,34.48156],[134.25482,34.48169],[134.2556,34.48184],[134.25577,34.48179],[134.25579,34.48168],[134.25548,34.48151],[134.25542,34.48135],[134.25567,34.48106],[134.25611,34.48096],[134.25661,34.4811],[134.25699,34.48088],[134.25725,34.48086],[134.25787,34.48093],[134.25811,34.48103],[134.25824,34.481],[134.2587,34.48067],[134.25917,34.48066],[134.25956,34.48047],[134.25976,34.48056],[134.26001,34.48087],[134.2603,34.48091],[134.26116,34.48129],[134.26185,34.48093],[134.26246,34.48082],[134.26264,34.4807],[134.26276,34.48072],[134.26282,34.48082],[134.26275,34.48093],[134.26242,34.48092],[134.26192,34.4811],[134.26105,34.48175],[134.26076,34.4818],[134.26071,34.48192],[134.26077,34.48201],[134.26093,34.48202],[134.26112,34.48182],[134.26181,34.48147],[134.26216,34.48134],[134.2625,34.48129],[134.26309,34.48132],[134.26369,34.48127],[134.26377,34.48138],[134.26366,34.48149],[134.26315,34.48148],[134.26259,34.48157],[134.26252,34.48167],[134.26259,34.48191],[134.26273,34.48197],[134.26335,34.48169],[134.26356,34.48167],[134.26365,34.4817],[134.26383,34.48181],[134.26465,34.48257],[134.26495,34.48299],[134.26496,34.48313],[134.26483,34.48329],[134.26486,34.48387],[134.26447,34.48396],[134.26441,34.48403],[134.26442,34.4844],[134.26431,34.48484],[134.26447,34.48506],[134.26444,34.48532],[134.26459,34.48571],[134.2645,34.48578],[134.26417,34.48587],[134.26409,34.48596],[134.26445,34.48696],[134.26464,34.48727],[134.26452,34.4876],[134.26454,34.48802],[134.26427,34.48827],[134.26424,34.48835],[134.26438,34.48864],[134.26471,34.48893],[134.26474,34.48913],[134.26433,34.48956],[134.26413,34.48963],[134.26376,34.48966],[134.26366,34.48974],[134.26367,34.48983],[134.26374,34.48989],[134.26386,34.4899],[134.26411,34.48979],[134.2646,34.48972],[134.26475,34.48965],[134.2654,34.48914],[134.26544,34.48885],[134.26537,34.48867],[134.26548,34.48855],[134.26559,34.48856],[134.26568,34.48865],[134.2656,34.48897],[134.2656,34.48949],[134.26544,34.48976],[134.26512,34.48991],[134.26515,34.49006],[134.26531,34.49009],[134.26538,34.49005],[134.2655,34.48986],[134.2661,34.48946],[134.26626,34.4893],[134.26632,34.48912],[134.26626,34.48879],[134.26612,34.48862],[134.26615,34.48851],[134.26628,34.48848],[134.26639,34.48852],[134.26639,34.48874],[134.2666,34.48895],[134.26666,34.48914],[134.26665,34.48956],[134.26651,34.48987],[134.2663,34.49024],[134.26583,34.49088],[134.2655,34.49112],[134.26488,34.49123],[134.26478,34.49133],[134.2648,34.49144],[134.26491,34.49152],[134.26503,34.49154],[134.26566,34.49151],[134.26636,34.49119],[134.26739,34.49102],[134.26748,34.49119],[134.26667,34.49175],[134.26606,34.49229],[134.26594,34.49242],[134.2659,34.49257],[134.26603,34.49269],[134.26621,34.49272],[134.26658,34.49274],[134.26676,34.4927],[134.26684,34.49278],[134.26681,34.49289],[134.26691,34.49294],[134.26828,34.49336],[134.26893,34.49326],[134.26961,34.49331],[134.27055,34.49293],[134.27103,34.49247],[134.27125,34.4924],[134.27203,34.49239],[134.2726,34.49203],[134.27278,34.49202],[134.27406,34.49305],[134.2743,34.49337],[134.27413,34.49359],[134.27433,34.49374]]]},"properties":{"id":"shodo-kankakei-north","name":"寒霞渓ヒルクライム 北ルート（大部・裏ルート）","group":"Setouchi routes","source":"OpenStreetMap","distance_km":25.1,"elev_up_m":860,"intro_url":"https://naocky-charicamp.com/shodoshima-kankakei-hill-climb","profile":[[0.0,20],[0.37,9],[0.68,13],[1.07,10],[1.4,5],[1.67,9],[1.92,27],[2.1,32],[2.49,43],[2.8,39],[3.24,21],[3.63,6],[4.22,4],[4.74,13],[5.23,5],[5.39,8],[5.64,31],[6.01,40],[6.41,72],[6.55,72],[6.94,101],[7.2,119],[7.61,148],[8.02,174],[8.33,159],[8.65,131],[9.26,89],[9.45,83],[9.66,63],[9.91,45],[10.24,29],[10.66,14],[11.06,12],[12.24,8],[12.68,19],[12.96,6],[13.31,9],[14.5,10],[15.01,22],[15.35,8],[15.76,4],[16.38,10],[16.96,15],[17.3,30],[17.86,56],[17.98,60],[18.21,98],[18.36,92],[18.52,124],[18.69,116],[18.82,138],[19.03,160],[19.13,165],[19.31,189],[19.41,184],[19.68,226],[19.82,225],[20.02,253],[20.19,261],[20.48,293],[20.57,296],[20.78,300],[20.97,312],[21.15,329],[21.33,337],[21.54,371],[21.69,366],[21.88,404],[22.09,411],[22.26,417],[22.44,425],[22.51,435],[22.71,447],[22.84,463],[22.95,473],[23.12,480],[23.21,487],[23.39,502],[23.6,511],[23.85,538],[24.08,552],[24.18,559],[24.46,572],[24.78,592],[25.06,589]],"elev_src":"source"}},{"type":"Feature","geometry":{"type":"MultiLineString","coordinates":[[[134.18504,34.48812],[134.18621,34.48853],[134.18713,34.48891],[134.18754,34.48889],[134.19052,34.4885],[134.19132,34.48806],[134.19153,34.488],[134.19337,34.48772],[134.19544,34.48729],[134.19607,34.48712],[134.19669,34.4868],[134.19707,34.48646],[134.19759,34.48566],[134.19831,34.48435],[134.19869,34.48389],[134.19895,34.48367],[134.19944,34.48338],[134.20047,34.48299],[134.20079,34.48297],[134.20098,34.48301],[134.20256,34.48352],[134.20378,34.48341],[134.20408,34.48346],[134.20443,34.48366],[134.2049,34.48401],[134.20623,34.48437],[134.2067,34.4844],[134.20715,34.48432],[134.21658,34.48168],[134.21919,34.48135],[134.21968,34.48111],[134.22063,34.48035],[134.22109,34.48018],[134.22162,34.48006],[134.22201,34.48002],[134.22248,34.48013],[134.2234,34.48052],[134.22461,34.48054],[134.22517,34.48064],[134.22618,34.48116],[134.22658,34.48128],[134.22814,34.48117],[134.22867,34.48099],[134.22908,34.48151],[134.22991,34.48224],[134.23121,34.48235],[134.23172,34.48244],[134.23367,34.48312],[134.23293,34.48466],[134.23291,34.48476],[134.23307,34.48537],[134.23304,34.48574],[134.2329,34.48601],[134.23279,34.48645],[134.23302,34.48653],[134.23314,34.48663],[134.23356,34.48721],[134.23441,34.48791],[134.23481,34.48838],[134.2344,34.48891],[134.23405,34.48925],[134.23388,34.48915],[134.23385,34.48918],[134.23378,34.48936],[134.23383,34.48957],[134.23377,34.48966],[134.2337,34.48967],[134.23341,34.48939],[134.23304,34.48914],[134.2323,34.48844],[134.23195,34.48838],[134.23152,34.48841],[134.23111,34.48822],[134.23091,34.48818],[134.23066,34.4882],[134.2303,34.48833],[134.2302,34.4883],[134.22987,34.48793],[134.22967,34.48714],[134.22957,34.48706],[134.22948,34.48704],[134.2291,34.48711],[134.22852,34.48707],[134.22804,34.48713],[134.22691,34.48664],[134.2269,34.4867],[134.22718,34.48701],[134.22716,34.48706],[134.22662,34.48691],[134.22652,34.48696],[134.22687,34.48732],[134.22685,34.48739],[134.22571,34.48691],[134.22565,34.48696],[134.22603,34.4873],[134.22603,34.48738],[134.22596,34.48739],[134.22571,34.48725],[134.22553,34.48721],[134.22509,34.48718],[134.22505,34.48723],[134.22535,34.48739],[134.22573,34.48771],[134.22613,34.4884],[134.2262,34.48898],[134.22627,34.48918],[134.2262,34.48918],[134.22599,34.48892],[134.22561,34.48864],[134.22512,34.48846],[134.22499,34.48842],[134.22467,34.48842],[134.22441,34.48857],[134.22402,34.48831],[134.22382,34.48823],[134.22362,34.48821],[134.22353,34.48832],[134.22369,34.48874],[134.22369,34.48888],[134.22363,34.489],[134.22318,34.48949],[134.22306,34.49007],[134.22318,34.48949],[134.22363,34.489],[134.22369,34.48888],[134.22369,34.48874],[134.22353,34.48832],[134.22362,34.48821],[134.22374,34.48821],[134.22402,34.48831],[134.22441,34.48857],[134.22467,34.48842],[134.22499,34.48842],[134.22512,34.48846],[134.22561,34.48864],[134.22599,34.48892],[134.2262,34.48918],[134.22627,34.48918],[134.2262,34.48898],[134.22613,34.4884],[134.22573,34.48771],[134.22535,34.48739],[134.22505,34.48723],[134.22509,34.48718],[134.22553,34.48721],[134.22571,34.48725],[134.22596,34.48739],[134.22603,34.48738],[134.22603,34.4873],[134.22565,34.48696],[134.22571,34.48691],[134.22685,34.48739],[134.22687,34.48732],[134.22652,34.48696],[134.22662,34.48691],[134.22716,34.48706],[134.22718,34.48701],[134.2269,34.4867],[134.22691,34.48664],[134.22804,34.48713],[134.22852,34.48707],[134.2291,34.48711],[134.22948,34.48704],[134.22957,34.48706],[134.22967,34.48714],[134.22987,34.48793],[134.2302,34.4883],[134.2303,34.48833],[134.23066,34.4882],[134.23091,34.48818],[134.23111,34.48822],[134.23152,34.48841],[134.23195,34.48838],[134.2323,34.48844],[134.23304,34.48914],[134.23341,34.48939],[134.2337,34.48967],[134.23377,34.48966],[134.23383,34.48957],[134.23378,34.48936],[134.23388,34.48915],[134.23462,34.48951],[134.23486,34.4894],[134.235,34.48953],[134.2351,34.48954],[134.23559,34.48949],[134.23604,34.48951],[134.23755,34.4898],[134.23793,34.48979],[134.2405,34.48947],[134.24107,34.48931],[134.24237,34.48851],[134.24155,34.4866],[134.24098,34.48586],[134.24041,34.48538],[134.24063,34.48521],[134.24074,34.48504],[134.24141,34.48327],[134.24168,34.4832],[134.24274,34.48262],[134.24346,34.4818],[134.24393,34.48145],[134.24469,34.48112],[134.2456,34.48088],[134.24613,34.48067],[134.24873,34.47882],[134.24882,34.47901],[134.24879,34.47911],[134.24869,34.47919],[134.24848,34.47924],[134.24812,34.47962],[134.24803,34.47983],[134.24807,34.48003],[134.24867,34.48058],[134.24919,34.48121],[134.24947,34.4812],[134.24958,34.48111],[134.24961,34.48101],[134.24956,34.48091],[134.24913,34.48065],[134.24889,34.48015],[134.24898,34.48002],[134.24915,34.48006],[134.2492,34.48033],[134.24931,34.48049],[134.24997,34.48067],[134.25021,34.48086],[134.25011,34.48154],[134.24992,34.48166],[134.24959,34.48177],[134.24926,34.48172],[134.24918,34.48178],[134.24917,34.48188],[134.24932,34.48197],[134.2495,34.48189],[134.25017,34.48175],[134.25029,34.48164],[134.25051,34.48125],[134.25063,34.4812],[134.25085,34.48127],[134.25147,34.48166],[134.2521,34.48169],[134.25247,34.48176],[134.25261,34.48173],[134.25268,34.48162],[134.25254,34.48138],[134.25257,34.48129],[134.25283,34.48102],[134.2528,34.48076],[134.25331,34.48045],[134.25375,34.48061],[134.25389,34.48059],[134.25399,34.48046],[134.25408,34.48016],[134.25427,34.48003],[134.25439,34.48005],[134.25449,34.48015],[134.25478,34.481],[134.25477,34.48156],[134.25482,34.48169],[134.2556,34.48184],[134.25577,34.48179],[134.25579,34.48168],[134.25548,34.48151],[134.25542,34.48135],[134.25567,34.48106],[134.25611,34.48096],[134.25661,34.4811],[134.25699,34.48088],[134.25725,34.48086],[134.25787,34.48093],[134.25811,34.48103],[134.25824,34.481],[134.2587,34.48067],[134.25917,34.48066],[134.25956,34.48047],[134.25976,34.48056],[134.26001,34.48087],[134.2603,34.48091],[134.26116,34.48129],[134.26185,34.48093],[134.26246,34.48082],[134.26264,34.4807],[134.26276,34.48072],[134.26282,34.48082],[134.26275,34.48093],[134.26242,34.48092],[134.26192,34.4811],[134.26105,34.48175],[134.26076,34.4818],[134.26071,34.48192],[134.26077,34.48201],[134.26093,34.48202],[134.26112,34.48182],[134.26181,34.48147],[134.26216,34.48134],[134.2625,34.48129],[134.26309,34.48132],[134.26369,34.48127],[134.26377,34.48138],[134.26366,34.48149],[134.26315,34.48148],[134.26259,34.48157],[134.26252,34.48167],[134.26259,34.48191],[134.26273,34.48197],[134.26335,34.48169],[134.26356,34.48167],[134.26365,34.4817],[134.26383,34.48181],[134.26465,34.48257],[134.26495,34.48299],[134.26496,34.48313],[134.26483,34.48329],[134.26486,34.48387],[134.26447,34.48396],[134.26441,34.48403],[134.26442,34.4844],[134.26431,34.48484],[134.26447,34.48506],[134.26444,34.48532],[134.26459,34.48571],[134.2645,34.48578],[134.26417,34.48587],[134.26409,34.48596],[134.26445,34.48696],[134.26464,34.48727],[134.26452,34.4876],[134.26454,34.48802],[134.26427,34.48827],[134.26424,34.48835],[134.26438,34.48864],[134.26471,34.48893],[134.26474,34.48913],[134.26433,34.48956],[134.26413,34.48963],[134.26376,34.48966],[134.26366,34.48974],[134.26367,34.48983],[134.26374,34.48989],[134.26386,34.4899],[134.26411,34.48979],[134.2646,34.48972],[134.26475,34.48965],[134.2654,34.48914],[134.26544,34.48885],[134.26537,34.48867],[134.26548,34.48855],[134.26559,34.48856],[134.26568,34.48865],[134.2656,34.48897],[134.2656,34.48949],[134.26544,34.48976],[134.26512,34.48991],[134.26515,34.49006],[134.26531,34.49009],[134.26538,34.49005],[134.2655,34.48986],[134.2661,34.48946],[134.26626,34.4893],[134.26632,34.48912],[134.26628,34.48884],[134.26612,34.48862],[134.26615,34.48851],[134.26628,34.48848],[134.26639,34.48852],[134.26639,34.48874],[134.2666,34.48895],[134.26666,34.48914],[134.26665,34.48956],[134.26651,34.48987],[134.2663,34.49024],[134.26583,34.49088],[134.2655,34.49112],[134.26488,34.49123],[134.26478,34.49133],[134.2648,34.49144],[134.26491,34.49152],[134.26503,34.49154],[134.26566,34.49151],[134.26636,34.49119],[134.26739,34.49102],[134.26748,34.49119],[134.26667,34.49175],[134.26606,34.49229],[134.26594,34.49242],[134.2659,34.49257],[134.26603,34.49269],[134.26621,34.49272],[134.26658,34.49274],[134.26676,34.4927],[134.26684,34.49278],[134.26681,34.49289],[134.26691,34.49294],[134.26828,34.49336],[134.26893,34.49326],[134.26961,34.49331],[134.27055,34.49293],[134.27103,34.49247],[134.27125,34.4924],[134.27203,34.49239],[134.2726,34.49203],[134.27278,34.49202],[134.27406,34.49305],[134.2743,34.49337],[134.27413,34.49359],[134.27433,34.49374]]]},"properties":{"id":"shodo-kankakei-west","name":"寒霞渓ヒルクライム 西ルート（銚子渓・土庄）","group":"Setouchi routes","source":"OpenStreetMap","distance_km":19.6,"elev_up_m":915,"intro_url":"https://naocky-charicamp.com/shodoshima-kankakei-hill-climb","profile":[[0.0,6],[0.61,8],[1.13,13],[1.54,9],[1.9,7],[2.26,15],[3.56,34],[3.86,12],[4.26,6],[4.76,4],[5.27,22],[5.43,29],[5.8,64],[5.88,76],[6.1,96],[6.26,118],[6.44,105],[6.69,127],[6.86,143],[7.05,168],[7.15,181],[7.4,227],[7.55,244],[7.7,250],[7.86,272],[8.09,271],[8.24,268],[8.4,230],[8.62,191],[8.76,170],[8.87,153],[9.11,131],[9.32,116],[9.52,121],[9.66,100],[9.92,80],[10.03,64],[10.21,55],[10.72,34],[11.3,16],[11.78,25],[12.37,54],[12.49,59],[12.73,97],[12.88,89],[13.03,118],[13.22,115],[13.34,136],[13.51,147],[13.66,165],[13.84,188],[13.93,179],[14.2,222],[14.32,225],[14.53,246],[14.71,257],[14.96,288],[15.08,298],[15.31,301],[15.47,309],[15.64,330],[15.8,329],[16.03,354],[16.22,366],[16.38,390],[16.59,399],[16.76,409],[16.95,430],[17.02,431],[17.22,448],[17.32,455],[17.48,473],[17.63,480],[17.72,491],[17.88,495],[18.12,507],[18.29,526],[18.6,550],[18.71,559],[18.94,578],[19.26,582],[19.57,590],[19.6,589]],"elev_src":"source"}},{"type":"Feature","geometry":{"type":"MultiLineString","coordinates":[[[133.97446,34.45654],[133.97484,34.45682],[133.9755,34.45715],[133.97591,34.45748],[133.97659,34.45783],[133.97693,34.45795],[133.97732,34.45802],[133.97833,34.45808],[133.97948,34.45822],[133.98057,34.4587],[133.98226,34.45904],[133.98298,34.45929],[133.9843,34.45961],[133.98561,34.45975],[133.98757,34.46031],[133.98849,34.4604],[133.98907,34.46059],[133.98935,34.46058],[133.99266,34.45967],[133.99399,34.45981],[133.99486,34.4598],[133.99523,34.45996],[133.99556,34.46022],[133.99576,34.46004],[133.99616,34.45934],[133.99641,34.4594],[133.99654,34.45924],[133.99659,34.45906],[133.99658,34.45847],[133.99733,34.45834],[133.99885,34.45864],[133.99938,34.4581],[133.99998,34.45774],[134.0001,34.45761],[134.00015,34.45744],[134.00016,34.45723],[134.00006,34.45692],[133.99992,34.45676],[133.99957,34.45651],[133.99936,34.45624],[133.99913,34.45534],[133.99918,34.45501],[133.9993,34.45473],[133.9998,34.45414],[133.99995,34.45375],[133.9999,34.45343],[133.99977,34.4532],[133.9992,34.45243],[133.99904,34.45214],[133.999,34.45174],[133.99918,34.45086],[133.99916,34.45064],[133.99903,34.45037],[133.99867,34.4499],[133.99858,34.44967],[133.99862,34.44925],[133.99915,34.44797],[133.99913,34.44757],[133.99893,34.44729],[133.99848,34.447],[133.99756,34.44654],[133.99727,34.44647],[133.99684,34.44653],[133.99627,34.44669],[133.99604,34.4469],[133.99571,34.44703],[133.99519,34.44811],[133.99522,34.44826],[133.99544,34.44849],[133.99552,34.44873],[133.99548,34.44978],[133.99531,34.44985],[133.99521,34.44983],[133.99498,34.4496],[133.99464,34.44946],[133.99446,34.44948],[133.99431,34.44957],[133.99413,34.44978],[133.9941,34.44995],[133.99418,34.45016],[133.99449,34.45058],[133.99443,34.4507],[133.99422,34.45074],[133.99406,34.4507],[133.99371,34.45045],[133.99332,34.45025],[133.99319,34.45009],[133.99315,34.44977],[133.99302,34.44962],[133.99279,34.44963],[133.99243,34.44981],[133.99223,34.44978],[133.99218,34.44955],[133.99229,34.44915],[133.99226,34.44902],[133.99193,34.44866],[133.9918,34.44831],[133.99171,34.44821],[133.99155,34.44822],[133.99126,34.44847],[133.99147,34.44883],[133.99173,34.44897],[133.99176,34.44911],[133.99172,34.44919],[133.99144,34.44928],[133.9913,34.44924],[133.9911,34.44927],[133.99069,34.44949],[133.99036,34.44955],[133.99011,34.44974],[133.98967,34.44987],[133.98953,34.45005],[133.98945,34.45032],[133.9892,34.45044],[133.98869,34.4508],[133.98857,34.45076],[133.98885,34.45031],[133.9885,34.45004],[133.98844,34.45003],[133.98822,34.45013],[133.98812,34.45035],[133.98793,34.45051],[133.98764,34.45052],[133.98679,34.45017],[133.98663,34.44994],[133.98651,34.44987],[133.98633,34.44984],[133.98497,34.44922],[133.98459,34.44892],[133.98431,34.44857],[133.98403,34.44849],[133.98347,34.44846],[133.98298,34.44822],[133.98283,34.44819],[133.9826,34.4482],[133.98216,34.44837],[133.98203,34.44837],[133.98132,34.44803],[133.98069,34.44828],[133.98058,34.44844],[133.98059,34.44857],[133.98068,34.44871],[133.98111,34.44894],[133.98107,34.44906],[133.98097,34.44908],[133.98067,34.44893],[133.98043,34.44894],[133.97973,34.44942],[133.97967,34.44962],[133.97983,34.44999],[133.97984,34.45012],[133.97972,34.45028],[133.97938,34.4504],[133.97912,34.45055],[133.97769,34.4509],[133.97682,34.45086],[133.97677,34.45104],[133.97654,34.45136],[133.97595,34.45296],[133.97571,34.45345],[133.97555,34.45487],[133.9753,34.45542],[133.9756,34.45597],[133.97556,34.45627],[133.97514,34.45698],[133.97446,34.45654]]]},"properties":{"id":"shodo-naoshima-loop","name":"直島一周サイクリング（アートの島）","group":"Setouchi routes","source":"OpenStreetMap","distance_km":8.2,"elev_up_m":219,"intro_url":"https://ougiya-naoshima.jp/english/rental/course.html","profile":[[0.0,4],[0.12,8],[0.24,11],[0.31,8],[0.51,13],[0.79,27],[0.98,15],[1.3,6],[1.44,6],[1.78,10],[1.99,10],[2.07,6],[2.18,5],[2.22,5],[2.31,4],[2.52,16],[2.67,17],[2.71,22],[2.77,25],[2.83,21],[2.97,13],[3.04,7],[3.16,9],[3.23,8],[3.36,5],[3.51,3],[3.56,6],[3.65,4],[3.85,16],[3.93,7],[4.08,10],[4.15,15],[4.24,15],[4.4,30],[4.45,35],[4.59,52],[4.62,56],[4.69,51],[4.72,55],[4.77,65],[4.85,79],[4.88,81],[4.94,81],[5.0,84],[5.06,76],[5.12,84],[5.16,80],[5.22,76],[5.32,77],[5.34,74],[5.43,75],[5.47,78],[5.51,74],[5.54,65],[5.62,55],[5.69,52],[5.75,54],[5.83,41],[5.9,43],[5.95,38],[6.0,41],[6.05,40],[6.17,43],[6.2,45],[6.39,55],[6.46,48],[6.57,35],[6.6,31],[6.66,29],[6.8,11],[6.83,17],[6.9,22],[6.92,23],[6.98,14],[7.08,11],[7.14,15],[7.19,16],[7.36,4],[7.46,5],[7.69,7],[7.91,19],[8.04,5],[8.16,2],[8.24,4]],"elev_src":"source"}},{"type":"Feature","geometry":{"type":"MultiLineString","coordinates":[[[134.06121,34.4894],[134.06128,34.48929],[134.06124,34.48916],[134.06075,34.48889],[134.06071,34.48875],[134.06144,34.48784],[134.06242,34.48838],[134.06286,34.48872],[134.06404,34.49115],[134.06439,34.49164],[134.06468,34.49188],[134.06667,34.49296],[134.06689,34.49323],[134.06717,34.49392],[134.06734,34.49409],[134.06782,34.49439],[134.06813,34.49448],[134.06827,34.49448],[134.06936,34.49418],[134.06947,34.4942],[134.06967,34.49431],[134.07018,34.49481],[134.07057,34.49502],[134.0713,34.49533],[134.07142,34.49534],[134.07158,34.49531],[134.07199,34.49505],[134.07219,34.49499],[134.07279,34.49499],[134.07327,34.49526],[134.07354,34.4953],[134.0749,34.49489],[134.0752,34.49489],[134.07595,34.49513],[134.07624,34.49512],[134.07743,34.49448],[134.07757,34.49435],[134.07779,34.49394],[134.07903,34.4938],[134.08022,34.49336],[134.08077,34.49352],[134.08109,34.49355],[134.08128,34.49364],[134.08154,34.4936],[134.08183,34.49348],[134.0819,34.49334],[134.08172,34.49301],[134.08175,34.49292],[134.08223,34.49266],[134.08257,34.49214],[134.08298,34.49198],[134.0831,34.49186],[134.08324,34.49142],[134.08315,34.49114],[134.08322,34.4907],[134.0836,34.48984],[134.08394,34.48965],[134.08403,34.48943],[134.08386,34.48889],[134.0839,34.48883],[134.0844,34.4886],[134.08456,34.48802],[134.08549,34.48622],[134.08588,34.48572],[134.0862,34.48548],[134.08646,34.48545],[134.08692,34.48556],[134.08695,34.4856],[134.08777,34.4857],[134.08814,34.48579],[134.08846,34.48593],[134.08866,34.48608],[134.08888,34.48639],[134.08903,34.4865],[134.0898,34.48691],[134.08987,34.48704],[134.08988,34.48769],[134.08974,34.48969],[134.08987,34.48987],[134.09049,34.49001],[134.09072,34.4902],[134.09096,34.49063],[134.09117,34.49074],[134.09149,34.49074],[134.09265,34.48997],[134.09279,34.48981],[134.09279,34.48965],[134.09271,34.48951],[134.09221,34.48911],[134.09209,34.48885],[134.09234,34.48803],[134.09246,34.48786],[134.09277,34.4878],[134.09309,34.48788],[134.09339,34.48803],[134.09381,34.48856],[134.09392,34.48882],[134.09384,34.48926],[134.09393,34.48952],[134.09358,34.48983],[134.09351,34.48997],[134.09351,34.49036],[134.09433,34.49004],[134.09385,34.48938],[134.09392,34.48882],[134.09388,34.48868],[134.09356,34.48822],[134.09339,34.48803],[134.09325,34.48795],[134.09277,34.4878],[134.09246,34.48786],[134.09234,34.48803],[134.09209,34.48885],[134.09221,34.48911],[134.09271,34.48951],[134.09279,34.48965],[134.09279,34.48981],[134.09265,34.48997],[134.09149,34.49074],[134.09117,34.49074],[134.09096,34.49063],[134.09072,34.4902],[134.09049,34.49001],[134.08987,34.48987],[134.08974,34.48969],[134.08988,34.48769],[134.08987,34.48704],[134.0898,34.48691],[134.08903,34.4865],[134.08888,34.48639],[134.08866,34.48608],[134.08846,34.48593],[134.08814,34.48579],[134.08777,34.4857],[134.08695,34.4856],[134.08692,34.48556],[134.08646,34.48545],[134.08633,34.48546],[134.0862,34.48548],[134.08602,34.48561],[134.0857,34.48594],[134.08587,34.48606],[134.08618,34.48608],[134.0865,34.48624],[134.08618,34.48608],[134.08587,34.48606],[134.0857,34.48594],[134.08588,34.48572],[134.0862,34.48548],[134.08646,34.48545],[134.08692,34.48556],[134.08695,34.4856],[134.08777,34.4857],[134.08814,34.48579],[134.08846,34.48593],[134.08866,34.48608],[134.08954,34.48531],[134.08961,34.48514],[134.08957,34.4848],[134.08937,34.48403],[134.08928,34.48386],[134.08849,34.48291],[134.08849,34.48264],[134.08876,34.4823],[134.08916,34.48202],[134.08951,34.48186],[134.08984,34.48178],[134.09083,34.48172],[134.09134,34.48171],[134.09272,34.482],[134.0933,34.48186],[134.09413,34.48211],[134.09436,34.48208],[134.09459,34.48183],[134.09467,34.4814],[134.0954,34.48091],[134.09587,34.4803],[134.09592,34.47991],[134.09603,34.47962],[134.09598,34.47919],[134.09586,34.47884],[134.0957,34.47863],[134.0954,34.47838],[134.0946,34.47829],[134.09374,34.47807],[134.09345,34.47794],[134.09318,34.4776],[134.09297,34.47742],[134.09255,34.47727],[134.0924,34.47709],[134.09061,34.4759],[134.09045,34.47574],[134.0904,34.47552],[134.09031,34.47541],[134.08921,34.47493],[134.08886,34.47457],[134.08836,34.47388],[134.08731,34.47336],[134.08674,34.47291],[134.08627,34.47271],[134.08489,34.47179],[134.08454,34.47163],[134.08401,34.47161],[134.08362,34.47123],[134.08285,34.47083],[134.08245,34.47042],[134.08223,34.4704],[134.0818,34.47056],[134.08156,34.47056],[134.08089,34.47046],[134.08009,34.47023],[134.07957,34.47016],[134.07905,34.47001],[134.07895,34.47004],[134.07893,34.47013],[134.07903,34.47022],[134.07998,34.47056],[134.07996,34.47068],[134.07976,34.47069],[134.07931,34.47046],[134.0789,34.47044],[134.07872,34.47038],[134.07835,34.47008],[134.07806,34.46999],[134.07646,34.46901],[134.07573,34.46887],[134.07544,34.46886],[134.07505,34.46873],[134.07485,34.46873],[134.07447,34.46865],[134.07399,34.46844],[134.07366,34.46854],[134.07271,34.46895],[134.07218,34.46906],[134.07207,34.46928],[134.07164,34.46938],[134.0713,34.46972],[134.07107,34.47008],[134.07126,34.47034],[134.07132,34.47035],[134.07161,34.47019],[134.07128,34.47036],[134.07107,34.47008],[134.07113,34.47001],[134.0711,34.46997],[134.07055,34.46943],[134.07021,34.46958],[134.07002,34.46982],[134.06992,34.47011],[134.06911,34.47081],[134.06902,34.47104],[134.06889,34.47205],[134.06869,34.4724],[134.06855,34.47284],[134.06824,34.47328],[134.06802,34.47394],[134.06777,34.47434],[134.06766,34.47516],[134.06753,34.47538],[134.06693,34.47586],[134.06656,34.47647],[134.06656,34.47668],[134.06664,34.47682],[134.06727,34.47721],[134.06741,34.47735],[134.06753,34.47765],[134.06748,34.47788],[134.06738,34.47803],[134.06694,34.47843],[134.06676,34.47885],[134.06652,34.47913],[134.06643,34.47932],[134.06628,34.47984],[134.06595,34.4802],[134.06583,34.48028],[134.06555,34.48028],[134.06525,34.4801],[134.06504,34.48004],[134.06484,34.48014],[134.06484,34.48041],[134.06519,34.48116],[134.06517,34.48134],[134.0651,34.48145],[134.06455,34.48184],[134.06432,34.48227],[134.06418,34.48238],[134.064,34.48241],[134.06266,34.48307],[134.06243,34.48328],[134.06236,34.48341],[134.06227,34.48414],[134.06205,34.48495],[134.06202,34.48526],[134.06209,34.48614],[134.06242,34.48838],[134.06144,34.48784],[134.06071,34.48875],[134.06075,34.48889],[134.06124,34.48916],[134.06128,34.48929],[134.06121,34.4894]]]},"properties":{"id":"shodo-teshima-loop","name":"豊島一周サイクリング（豊島美術館）","group":"Setouchi routes","source":"OpenStreetMap","distance_km":15.3,"elev_up_m":398,"intro_url":"https://www.my-kagawa.jp/feature/setogei/teshima","profile":[[0.0,4],[0.08,5],[0.33,2],[0.74,7],[1.03,12],[1.19,10],[1.34,14],[1.44,17],[1.57,21],[1.65,31],[1.79,30],[2.02,34],[2.2,47],[2.48,65],[2.59,77],[2.66,74],[2.76,65],[2.88,74],[3.02,91],[3.18,99],[3.3,103],[3.65,117],[3.76,116],[3.88,108],[3.98,104],[4.09,90],[4.41,63],[4.55,56],[4.74,42],[4.8,39],[4.99,42],[5.07,24],[5.2,11],[5.33,9],[5.47,2],[5.64,12],[5.74,21],[5.84,42],[6.02,39],[6.08,42],[6.27,56],[6.41,63],[6.73,90],[6.85,104],[6.95,108],[7.06,116],[7.13,116],[7.22,113],[7.32,112],[7.4,117],[7.5,116],[7.62,108],[7.8,98],[7.94,104],[8.12,109],[8.25,118],[8.42,113],[8.69,118],[8.79,128],[9.0,130],[9.12,131],[9.26,132],[9.42,125],[9.52,127],[9.77,125],[9.95,132],[10.23,127],[10.48,117],[10.66,117],[10.79,111],[10.95,96],[11.06,78],[11.17,86],[11.26,76],[11.36,62],[11.64,36],[11.72,30],[11.84,15],[12.01,12],[12.15,18],[12.22,23],[12.3,17],[12.42,7],[12.59,21],[12.78,33],[12.96,48],[13.13,59],[13.31,78],[13.42,74],[13.5,61],[13.64,51],[13.78,37],[13.85,33],[13.92,34],[14.04,23],[14.18,16],[14.37,11],[14.56,6],[14.95,2],[15.19,5],[15.27,4]],"elev_src":"source"}},{"type":"Feature","geometry":{"type":"MultiLineString","coordinates":[[[133.91912,34.66558,17],[133.91912,34.66563,17],[133.92244,34.66562,12],[133.92632,34.66571,11],[133.92632,34.66259,18],[133.92643,34.65793,12],[133.9263,34.65575,11],[133.92619,34.65252,5],[133.92618,34.65232,6],[133.92563,34.65128,8],[133.92615,34.65117,8],[133.92847,34.6511,8],[133.93213,34.65036,6],[133.93219,34.65038,6],[133.93186,34.64913,5],[133.93177,34.64829,9],[133.93184,34.64775,4],[133.93209,34.64673,0],[133.9324,34.64613,0],[133.93571,34.64107,5],[133.93643,34.64014,3],[133.93769,34.63872,4],[133.93983,34.63671,4],[133.9416,34.63533,4],[133.94167,34.63533,4],[133.9424,34.63482,4],[133.94367,34.63412,4],[133.94568,34.6329,2],[133.94678,34.63207,2],[133.9481,34.63086,3],[133.94895,34.62987,4],[133.95001,34.62874,4],[133.95026,34.62842,4],[133.95084,34.62748,10],[133.95135,34.62683,1],[133.95244,34.62559,1],[133.95427,34.62374,0],[133.96253,34.61465,0],[133.96334,34.61399,0],[133.96378,34.61357,0],[133.96403,34.61326,0],[133.96431,34.61277,0],[133.96522,34.61175,0],[133.97103,34.60539,0],[133.97172,34.60474,0],[133.97306,34.60332,0],[133.97341,34.60311,0],[133.9739,34.60297,1],[133.97477,34.60288,1],[133.97537,34.60291,2],[133.97561,34.60297,2],[133.97602,34.60318,3],[133.97809,34.60465,5],[133.97867,34.60389,6],[133.97868,34.60379,6],[133.97809,34.60347,4],[133.97803,34.60339,4],[133.97665,34.60269,4],[133.97644,34.60233,3],[133.97651,34.60185,3],[133.97773,34.60032,7],[133.97797,34.5998,8],[133.97801,34.59937,10],[133.97786,34.59347,24],[133.97724,34.59176,20],[133.97687,34.59097,18],[133.97663,34.59073,12],[133.9764,34.59059,11],[133.97613,34.59051,10],[133.97582,34.59048,8],[133.97509,34.59172,5],[133.97526,34.59265,10],[133.9759,34.59355,10],[133.97599,34.59362,11],[133.97644,34.59377,15],[133.97796,34.59406,9],[133.97838,34.59434,4],[133.97935,34.59447,1],[133.98291,34.59488,0],[133.98406,34.59487,1],[133.98524,34.59498,3],[133.98685,34.59482,1],[133.98712,34.59474,4],[133.98921,34.59368,4],[133.99124,34.5932,1],[133.99164,34.59284,1],[133.99188,34.59275,1],[133.99352,34.59281,0],[133.99436,34.59294,2],[133.99531,34.59292,4],[133.99566,34.59287,4],[133.99739,34.59232,3],[133.99812,34.5919,5],[133.99841,34.59158,8],[133.99873,34.59138,9],[134.00053,34.59058,9],[134.00133,34.59037,5],[134.00237,34.59035,1],[134.00313,34.59049,1],[134.00558,34.59118,4],[134.01023,34.59323,1],[134.01051,34.59345,3],[134.01071,34.59368,4],[134.01085,34.59388,5],[134.01108,34.5944,8],[134.01128,34.59465,10],[134.01178,34.59502,14],[134.01299,34.59576,15],[134.01321,34.59594,11],[134.01341,34.5963,7],[134.01374,34.59724,3],[134.01408,34.59754,1],[134.0144,34.59766,1],[134.01741,34.59796,2],[134.0201,34.59836,4],[134.02097,34.59842,14],[134.02132,34.59838,20],[134.02161,34.59841,23],[134.02246,34.59875,17],[134.02264,34.59878,15],[134.0232,34.59868,16],[134.02486,34.59869,15],[134.02593,34.59878,5],[134.02631,34.59865,4],[134.02743,34.59764,4],[134.02971,34.59677,4],[134.02974,34.59635,5],[134.02969,34.59584,5],[134.03021,34.59428,3],[134.03021,34.59396,2],[134.03009,34.59338,1],[134.0301,34.59282,0],[134.03017,34.59263,0],[134.03086,34.5916,1],[134.03129,34.59081,0],[134.03186,34.58883,2],[134.03264,34.5866,4],[134.03248,34.58475,8],[134.03204,34.58302,12],[134.03196,34.58164,18],[134.03206,34.5813,18],[134.03241,34.58077,19],[134.03256,34.58037,20],[134.03257,34.5801,21],[134.03215,34.57941,26],[134.0316,34.57912,30],[134.0315,34.57901,30],[134.03146,34.57821,25],[134.03125,34.57748,27],[134.03118,34.57628,19],[134.03118,34.57462,14],[134.03124,34.57425,12],[134.03148,34.57393,10],[134.03234,34.57332,4],[134.03248,34.57312,3],[134.03252,34.57294,3],[134.03242,34.57261,4],[134.03136,34.57093,2],[134.03045,34.56931,2],[134.02991,34.56811,2],[134.02951,34.56679,2],[134.02907,34.56451,7],[134.02872,34.5641,6],[134.02688,34.56238,2],[134.02608,34.56128,5],[134.02588,34.56118,5],[134.02534,34.56112,4],[134.02456,34.56124,6],[134.02419,34.56134,8],[134.02403,34.56096,11],[134.02398,34.56028,11],[134.02391,34.56007,11],[134.02374,34.5598,13],[134.02342,34.55944,15],[134.02331,34.55898,13],[134.02286,34.55867,19],[134.02273,34.55825,16],[134.02241,34.55764,16],[134.02197,34.55741,23],[134.02189,34.55732,25],[134.02189,34.55712,27],[134.02218,34.55668,27],[134.02245,34.55576,35],[134.02242,34.5556,33],[134.0219,34.55514,32],[134.02179,34.55488,31],[134.02181,34.55395,30],[134.02221,34.55298,21],[134.0221,34.5523,18],[134.02202,34.55214,16],[134.02186,34.552,16],[134.02053,34.55136,16],[134.01776,34.55089,7],[134.01559,34.55021,6],[134.01531,34.55023,6],[134.01521,34.55028,6],[134.01467,34.55076,11],[134.01426,34.55089,6],[134.01225,34.55073,4],[134.0108,34.55102,2],[134.01051,34.55101,2],[134.00973,34.5508,3],[134.0092,34.55095,4],[134.00856,34.5518,5],[134.0083,34.55198,6],[134.00638,34.55249,8],[134.00589,34.55266,9],[134.00568,34.55284,9],[134.00498,34.55379,6],[134.00463,34.55407,6],[134.0021,34.55519,5],[134.00114,34.55544,5],[134.00113,34.55315,3],[134.00107,34.55274,2],[134.00099,34.55256,2],[134.00067,34.55213,2],[133.99923,34.55102,-1],[133.99748,34.54914,2],[133.99677,34.54821,2],[133.99603,34.5468,3],[133.99178,34.5382,3],[133.99166,34.53781,3],[133.99163,34.53725,3],[133.9923,34.53395,2],[133.99223,34.53366,4],[133.99158,34.53227,24],[133.99118,34.53184,36],[133.98993,34.53132,39],[133.98854,34.53102,18],[133.98797,34.5308,12],[133.98767,34.53079,15],[133.9855,34.53116,8],[133.98478,34.53144,11],[133.98395,34.53161,8],[133.98315,34.53192,6],[133.98151,34.53209,6],[133.98072,34.53236,6],[133.98008,34.53278,7],[133.97974,34.53292,8],[133.97819,34.53312,16],[133.97777,34.53313,14],[133.97725,34.53295,9],[133.97422,34.53162,6],[133.97343,34.53134,6],[133.97073,34.53057,6],[133.96991,34.53063,7],[133.96871,34.53036,6],[133.96825,34.52995,5],[133.96754,34.52901,3],[133.96732,34.52891,4],[133.96684,34.5289,8],[133.96673,34.52885,9],[133.9666,34.52868,10],[133.96632,34.52799,8],[133.96621,34.52787,8],[133.9654,34.52742,10],[133.96486,34.52725,14],[133.96425,34.52697,17],[133.9629,34.52613,11],[133.9623,34.52548,2],[133.96184,34.52461,0],[133.96136,34.52402,0],[133.95689,34.5213,5],[133.95807,34.5193,5],[133.95821,34.51867,8],[133.95811,34.51813,11],[133.95656,34.5142,4],[133.95885,34.51364,2],[133.95832,34.51217,5],[133.95835,34.51211,5],[133.9563,34.50639,1],[133.95618,34.50593,3],[133.95619,34.50567,5],[133.95634,34.50511,9],[133.95656,34.50479,9],[133.95862,34.50288,3],[133.95889,34.50253,4],[133.95903,34.50201,5],[133.95912,34.49961,7],[133.95795,34.49949,11],[133.95563,34.4988,10],[133.95486,34.4985,5],[133.95463,34.49834,4],[133.95369,34.49725,3],[133.95359,34.49703,3],[133.95418,34.49515,2],[133.95421,34.49392,2],[133.95416,34.49376,2],[133.95057,34.49373,8],[133.94994,34.49268,5],[133.94976,34.49197,5],[133.94982,34.48881,5],[133.94968,34.48819,1],[133.94897,34.48868,5],[133.9489,34.48877,5],[133.94887,34.48915,8],[133.94604,34.48864,6],[133.94626,34.48742,6],[133.94621,34.48704,7],[133.94491,34.48416,13],[133.94457,34.48372,12],[133.94431,34.48354,11],[133.94403,34.48342,9],[133.94141,34.48265,-3],[133.9369,34.4808,7],[133.93535,34.48007,-2],[133.93372,34.47954,6],[133.93358,34.47904,8],[133.93346,34.4788,8],[133.9333,34.47775,5],[133.93331,34.47721,5],[133.93394,34.47451,5],[133.9342,34.47376,4],[133.93422,34.47321,4],[133.9342,34.47309,4],[133.93399,34.47295,8],[133.93374,34.47261,13],[133.93353,34.472,12],[133.93313,34.47165,11],[133.93295,34.47135,10],[133.93299,34.47178,14],[133.92971,34.4712,9],[133.92953,34.47122,11],[133.92902,34.47103,10],[133.9287,34.47097,9],[133.92867,34.47088,8],[133.92681,34.46974,12],[133.92533,34.46937,15],[133.92445,34.46906,14],[133.92407,34.46885,13],[133.92389,34.4687,13],[133.92367,34.4684,13],[133.92366,34.46801,14],[133.92424,34.4658,17],[133.92441,34.46532,19],[133.92647,34.46171,6],[133.92652,34.46139,5],[133.92546,34.46077,6],[133.9238,34.4599,3],[133.92333,34.45958,6],[133.9219,34.45743,13],[133.92154,34.45648,9],[133.92141,34.45628,11],[133.92098,34.45598,16],[133.92,34.45574,23],[133.91895,34.45585,24],[133.91863,34.45592,27],[133.91813,34.45615,31],[133.9176,34.45625,31],[133.91559,34.45615,28],[133.9153,34.45621,24],[133.91218,34.45735,13],[133.91115,34.4579,13],[133.91098,34.45792,13],[133.90982,34.45776,10],[133.9027,34.45656,5],[133.90108,34.4566,6],[133.89936,34.45719,5],[133.89867,34.45725,5],[133.89833,34.45718,5],[133.89742,34.45668,5],[133.89709,34.4566,2],[133.89599,34.45667,0],[133.8939,34.45647,15],[133.8915,34.4568,11],[133.88992,34.45718,16],[133.88922,34.45729,13],[133.88867,34.45732,19],[133.88745,34.45713,21],[133.8857,34.45664,12],[133.88303,34.45646,10],[133.88165,34.45653,9],[133.88032,34.45694,7],[133.88,34.45715,7],[133.87934,34.45769,7],[133.87851,34.45875,14],[133.87729,34.45983,14],[133.87467,34.46145,9],[133.874,34.46226,10],[133.87303,34.46325,13],[133.87266,34.46349,15],[133.872,34.46367,12],[133.87183,34.46376,12],[133.87126,34.46438,16],[133.87059,34.46491,13],[133.86906,34.4664,8],[133.86823,34.46712,6],[133.86748,34.46753,7],[133.86608,34.46809,6],[133.86476,34.46896,6],[133.86421,34.46924,7],[133.86271,34.46968,6],[133.86246,34.46972,6],[133.85805,34.46985,8],[133.85196,34.46993,10],[133.85062,34.47046,11],[133.84997,34.47066,7],[133.84744,34.47082,6],[133.84603,34.47329,12],[133.84428,34.47267,16],[133.84376,34.47265,13],[133.84355,34.47268,11],[133.84022,34.47333,6],[133.83967,34.47347,7],[133.83891,34.47382,7],[133.83863,34.47401,6],[133.83729,34.47513,6],[133.83679,34.47543,6],[133.83623,34.47565,6],[133.83482,34.47599,6],[133.83395,34.47617,5],[133.83357,34.47619,4],[133.82995,34.47589,4],[133.82946,34.4758,5],[133.82859,34.4754,6],[133.82104,34.47038,8],[133.82008,34.4698,8],[133.81512,34.46806,7],[133.81443,34.46778,8],[133.81053,34.46645,7],[133.81,34.4662,6],[133.80972,34.46598,5],[133.80899,34.46516,6],[133.80875,34.46482,6],[133.8086,34.46444,6],[133.80821,34.46284,8],[133.80795,34.46152,8],[133.80724,34.4569,7],[133.80853,34.45122,7],[133.80887,34.44742,13],[133.80897,34.44704,11],[133.81087,34.4423,14],[133.81144,34.44007,8],[133.81183,34.43943,7],[133.81285,34.43838,14],[133.81312,34.4382,18],[133.81368,34.43802,20],[133.81384,34.43793,21],[133.81439,34.43746,26],[133.81465,34.43731,27],[133.8153,34.43708,25],[133.81554,34.43646,40],[133.81572,34.4364,41],[133.81616,34.43668,32],[133.81644,34.43675,32],[133.81673,34.43673,34],[133.81686,34.43664,35],[133.81732,34.43606,36],[133.81724,34.43587,41],[133.81703,34.43563,48],[133.81705,34.43547,48],[133.81726,34.43524,44],[133.8171,34.43488,49],[133.81731,34.43474,47],[133.81792,34.43458,44],[133.81802,34.43418,52],[133.81839,34.43404,51],[133.81867,34.43381,46],[133.81876,34.43364,47],[133.81895,34.43346,46],[133.81914,34.43296,45],[133.81923,34.43254,43],[133.81995,34.43188,38],[133.8201,34.43127,37],[133.82066,34.4308,37],[133.82065,34.4307,35],[133.82032,34.43063,32],[133.82003,34.43073,33],[133.82023,34.43064,32],[133.82044,34.43063,33],[133.82051,34.43067,34],[133.82022,34.43072,34],[133.81957,34.43121,25],[133.81939,34.43146,27],[133.81923,34.43202,36],[133.81917,34.43211,37],[133.81897,34.43224,37],[133.8181,34.43254,34],[133.81755,34.43259,25],[133.81741,34.43255,22],[133.81725,34.43243,18],[133.81712,34.43245,17],[133.81708,34.43255,19],[133.8171,34.43273,22],[133.81737,34.43298,30],[133.81737,34.43308,32],[133.8172,34.43327,33],[133.81685,34.43343,30],[133.81661,34.43344,28],[133.81623,34.43329,29],[133.8161,34.43319,28],[133.81599,34.43292,24],[133.81588,34.4328,21],[133.81527,34.43263,21],[133.81464,34.43231,21],[133.81459,34.43222,21],[133.81469,34.432,16],[133.81461,34.43184,15],[133.81434,34.4317,16],[133.81393,34.43171,13],[133.81376,34.43187,14],[133.8137,34.43213,20],[133.81361,34.43226,24],[133.81349,34.43231,24],[133.81295,34.43236,20],[133.81278,34.4325,21],[133.81278,34.43276,25],[133.81313,34.43317,36],[133.81304,34.43334,37],[133.81281,34.43335,35],[133.81188,34.43316,21],[133.81105,34.43344,20],[133.81084,34.43359,22],[133.81074,34.4339,28],[133.8104,34.43422,27],[133.81027,34.43413,20],[133.81016,34.43415,17],[133.80996,34.4343,16],[133.80864,34.43494,16],[133.80831,34.43513,17],[133.80741,34.43588,21],[133.80592,34.4367,7],[133.80564,34.43672,6],[133.80546,34.43667,6],[133.80514,34.43637,5],[133.80487,34.43632,5],[133.80233,34.43726,5],[133.80207,34.43728,5],[133.80182,34.43717,5],[133.80165,34.43691,5],[133.80148,34.43677,5],[133.80042,34.43649,5],[133.80022,34.43648,5],[133.79898,34.43678,5],[133.79878,34.43688,5],[133.79787,34.43713,6],[133.79735,34.43719,6],[133.79673,34.43718,6],[133.79652,34.43706,6],[133.79637,34.43638,4],[133.79617,34.43622,3],[133.79583,34.4362,4],[133.79531,34.43641,2],[133.79478,34.43649,4],[133.79461,34.43664,4],[133.79456,34.4368,1],[133.79457,34.43738,6],[133.79478,34.43771,9],[133.79475,34.43775,9],[133.79177,34.43941,5],[133.79126,34.43963,5],[133.79124,34.43968,5],[133.79017,34.43948,7],[133.78991,34.43951,8],[133.78964,34.43964,9],[133.78957,34.43937,10],[133.78922,34.43916,9],[133.78893,34.4392,10],[133.78842,34.43936,16],[133.7878,34.43962,27],[133.78738,34.43961,30],[133.78621,34.43981,36],[133.78562,34.44008,34],[133.78538,34.44031,34],[133.78524,34.44052,32],[133.78506,34.44064,29],[133.7842,34.441,18],[133.7834,34.44147,14],[133.78267,34.44175,12],[133.78245,34.44179,10],[133.78215,34.44227,10],[133.78198,34.44293,10],[133.78175,34.44333,8],[133.78176,34.44375,9],[133.78157,34.44416,8],[133.78144,34.44476,10],[133.78132,34.44494,10],[133.78103,34.44563,18],[133.78063,34.4461,20],[133.78047,34.44638,24],[133.7803,34.44751,38],[133.78025,34.44758,39],[133.78008,34.44766,37],[133.77906,34.44787,33],[133.77883,34.44799,34],[133.77851,34.44831,45],[133.77781,34.44847,32],[133.77774,34.4486,32],[133.77769,34.44917,43],[133.77756,34.4494,44],[133.77708,34.44969,33],[133.77671,34.45002,23],[133.77663,34.4504,21],[133.77643,34.45088,18],[133.77647,34.45112,17],[133.77668,34.45134,18],[133.77681,34.45163,18],[133.77777,34.45227,22],[133.77814,34.45259,23],[133.77819,34.45276,24],[133.77808,34.45301,25],[133.77789,34.45327,26],[133.7775,34.45327,24],[133.77685,34.45347,28],[133.77637,34.45335,22],[133.776,34.45377,36],[133.77589,34.45383,37],[133.77498,34.45356,30],[133.77477,34.45356,28],[133.7746,34.45369,30],[133.77447,34.45396,38],[133.7744,34.45401,39],[133.77432,34.45405,39],[133.77395,34.45406,33],[133.77353,34.45423,29],[133.77347,34.45431,30],[133.77345,34.45448,34],[133.7736,34.45498,52],[133.77353,34.45513,51],[133.77336,34.45531,48],[133.77298,34.4555,48],[133.77301,34.45574,52],[133.77311,34.45581,53],[133.77345,34.45591,51],[133.77372,34.45636,43],[133.77385,34.45641,43],[133.77398,34.4564,45],[133.77426,34.45626,51],[133.77447,34.45631,52],[133.77455,34.4564,51],[133.77453,34.4573,19],[133.77466,34.45751,15],[133.77543,34.45737,27],[133.77567,34.4574,25],[133.77592,34.4576,19],[133.77605,34.45759,19],[133.77708,34.45689,24],[133.7772,34.4569,23],[133.77732,34.45696,21],[133.77739,34.45706,19],[133.7776,34.4575,15],[133.77802,34.45792,16],[133.77813,34.45823,16],[133.77797,34.45871,12],[133.77779,34.45896,9],[133.77775,34.45931,8],[133.77761,34.45955,7],[133.77736,34.45967,6],[133.77627,34.45992,6],[133.77634,34.4607,5],[133.77606,34.46146,3],[133.77603,34.46188,4],[133.77585,34.46248,7],[133.77618,34.46282,7],[133.77648,34.46299,6],[133.77473,34.46376,12],[133.77388,34.46422,19],[133.77324,34.4647,30],[133.77237,34.46547,40],[133.772,34.46604,32],[133.77188,34.46632,26],[133.77174,34.46693,15],[133.77147,34.46904,18],[133.77144,34.46995,17],[133.77159,34.47117,14],[133.77206,34.47274,12],[133.77207,34.47314,8],[133.77202,34.4734,6],[133.77181,34.4739,9],[133.77038,34.47648,8],[133.77048,34.47651,8],[133.77113,34.47532,7],[133.77105,34.47529,7],[133.76957,34.47798,12],[133.76938,34.47858,10],[133.76934,34.47919,7],[133.76946,34.48003,8],[133.77042,34.48341,8],[133.77058,34.48436,11],[133.77067,34.48435,11],[133.77058,34.48368,9],[133.77023,34.48244,10],[133.77014,34.48246,9],[133.77049,34.4837,9],[133.7706,34.4846,11],[133.77049,34.48732,15],[133.77066,34.48973,29],[133.7706,34.49004,32],[133.76993,34.49206,23],[133.76976,34.49296,15],[133.76982,34.49358,11],[133.77065,34.496,9],[133.77076,34.49697,8],[133.77072,34.49747,10],[133.77059,34.49799,11],[133.77004,34.49969,9],[133.76964,34.50118,7],[133.76953,34.50171,7],[133.76954,34.50222,0],[133.77051,34.50539,10],[133.77129,34.50774,12],[133.77165,34.50877,10],[133.77252,34.51077,27],[133.77263,34.5113,30],[133.7726,34.51178,29],[133.77212,34.51349,27],[133.77207,34.5141,27],[133.77211,34.51472,29],[133.77222,34.51533,30],[133.77271,34.5167,22],[133.77272,34.51825,16],[133.77249,34.51915,6],[133.77188,34.52048,1],[133.771,34.52282,6],[133.77279,34.52276,6],[133.77375,34.52281,5],[133.77466,34.52293,4],[133.78717,34.52561,27],[133.79074,34.5262,35],[133.79191,34.52649,34],[133.79239,34.52665,35],[133.79541,34.52786,36],[133.79979,34.53028,30],[133.80136,34.53089,23],[133.8023,34.53137,26],[133.80277,34.53167,24],[133.80358,34.53235,17],[133.80432,34.53286,15],[133.80898,34.53528,10],[133.80949,34.5356,10],[133.80983,34.53586,10],[133.81609,34.54189,5],[133.81968,34.54594,8],[133.82008,34.5463,7],[133.82073,34.54675,6],[133.82071,34.54678,6],[133.82363,34.54826,2],[133.82524,34.54919,4],[133.82537,34.54907,4],[133.82546,34.54907,4],[133.82758,34.54957,12],[133.82849,34.54974,9],[133.82946,34.55005,0],[133.83029,34.55044,5],[133.83051,34.55059,5],[133.83201,34.55194,3],[133.83292,34.55315,3],[133.83498,34.55549,1],[133.83835,34.55897,3],[133.85028,34.57731,2],[133.85042,34.57877,3],[133.85146,34.59644,3],[133.85156,34.59713,2],[133.85195,34.59818,2],[133.86014,34.61377,9],[133.86053,34.61444,8],[133.86101,34.61496,8],[133.86153,34.61535,9],[133.86207,34.61561,9],[133.87445,34.61968,3],[133.87565,34.62011,3],[133.87884,34.6218,2],[133.88535,34.6254,2],[133.88605,34.62573,3],[133.88687,34.62591,2],[133.8896,34.62612,3],[133.89012,34.62624,3],[133.89103,34.62681,5],[133.89301,34.62861,4],[133.89365,34.62909,2],[133.90328,34.63765,6],[133.90331,34.63786,6],[133.90288,34.64104,4],[133.90326,34.64104,4],[133.90832,34.64154,3],[133.9089,34.64169,3],[133.90924,34.6419,4],[133.90961,34.64234,4],[133.90995,34.6431,4],[133.91006,34.6435,4],[133.91021,34.64801,2],[133.91139,34.64817,4],[133.91163,34.64849,4],[133.91431,34.6507,6],[133.9144,34.65085,6],[133.91436,34.65106,5],[133.91478,34.65123,6],[133.91522,34.65152,6],[133.91713,34.6531,9],[133.9174,34.65337,9],[133.91928,34.65623,8],[133.91931,34.65643,8],[133.91897,34.66376,19],[133.9191,34.66534,18]]]},"properties":{"id":"rwgps-54294468","name":"玉野シーサイドライン（岡山駅起点）","group":"Setouchi routes","source":"RideWithGPS","distance_km":97.8,"elev_up_m":196,"profile":[[0.0,17],[2.54,8],[4.8,3],[7.81,0],[10.01,5],[11.98,5],[13.9,0],[15.87,19],[17.36,3],[19.41,16],[20.98,2],[22.49,18],[23.46,16],[25.1,6],[27.72,3],[29.47,7],[31.04,10],[33.43,4],[35.43,3],[37.32,6],[39.36,6],[40.87,13],[42.8,31],[45.13,14],[47.37,14],[49.75,7],[51.93,5],[54.45,8],[57.26,14],[58.05,43],[58.69,33],[59.4,21],[60.01,21],[61.29,5],[62.31,4],[63.55,8],[64.57,21],[65.5,43],[66.31,15],[68.22,12],[70.44,10],[72.81,7],[75.08,6],[78.14,16],[80.73,2],[83.04,2],[86.59,1],[89.66,8],[92.29,4],[94.99,4],[96.96,8],[97.95,18]],"rwgps_url":"https://ridewithgps.com/routes/54294468","elev_src":"source"}},{"type":"Feature","geometry":{"type":"MultiLineString","coordinates":[[[133.76047,34.70101,37],[133.76157,34.70076,36],[133.7626,34.70042,31],[133.76324,34.69998,26],[133.76389,34.69975,25],[133.76517,34.69948,23],[133.76596,34.6992,22],[133.76684,34.69878,20],[133.76875,34.69767,18],[133.76885,34.69755,18],[133.76896,34.69725,18],[133.76562,34.69569,17],[133.75871,34.69286,24],[133.75829,34.69271,22],[133.75815,34.6927,22],[133.75803,34.69218,27],[133.75798,34.69151,34],[133.75783,34.69091,33],[133.75782,34.69062,30],[133.75794,34.69024,24],[133.75859,34.68915,12],[133.7593,34.68668,14],[133.75959,34.68532,12],[133.75967,34.68368,14],[133.75959,34.68336,14],[133.75936,34.68301,14],[133.7573,34.68135,15],[133.75514,34.67929,14],[133.75508,34.67767,16],[133.75493,34.67625,16],[133.755,34.67398,14],[133.75494,34.67168,15],[133.75502,34.67143,16],[133.75544,34.67094,16],[133.7563,34.67009,14],[133.7567,34.66947,14],[133.7575,34.6668,13],[133.75814,34.66542,13],[133.75853,34.66436,16],[133.75931,34.66173,14],[133.75932,34.66156,15],[133.75793,34.6613,15],[133.7567,34.66091,19],[133.7556,34.66046,19],[133.75489,34.65998,25],[133.75455,34.65966,30],[133.75417,34.6592,33],[133.75302,34.65767,52],[133.75258,34.65702,48],[133.75203,34.65597,34],[133.75162,34.65553,30],[133.75128,34.65528,30],[133.75051,34.65495,28],[133.74795,34.65407,14],[133.74689,34.65386,11],[133.74579,34.65353,14],[133.74834,34.64704,8],[133.7402,34.64492,11],[133.73938,34.64486,11],[133.73893,34.64488,11],[133.73521,34.64526,12],[133.73497,34.6433,11],[133.73465,34.64134,10],[133.73422,34.63906,10],[133.73413,34.63883,10],[133.73463,34.63852,10],[133.73505,34.63833,10],[133.73463,34.63852,10],[133.73338,34.63924,11],[133.73309,34.63942,11],[133.73294,34.63963,11],[133.73301,34.64036,10],[133.73321,34.64151,11],[133.73295,34.64154,11],[133.7332,34.643,11],[133.73319,34.64306,11],[133.73292,34.64312,11],[133.73302,34.64368,12],[133.73206,34.64394,11],[133.73184,34.64394,11],[133.73051,34.64426,15],[133.73026,34.64416,17],[133.73018,34.64362,19],[133.73001,34.64358,20],[133.72493,34.64361,19],[133.72487,34.64351,19],[133.72473,34.64267,16],[133.72387,34.64255,13],[133.72187,34.64237,11],[133.72078,34.64221,12],[133.7206,34.64215,11],[133.71986,34.64178,11],[133.71687,34.64012,11],[133.71398,34.63877,12],[133.71369,34.63872,12],[133.71305,34.63833,14],[133.7046,34.63438,11],[133.70062,34.63237,13],[133.69867,34.63148,11],[133.69838,34.63138,11],[133.69392,34.63075,15],[133.69306,34.63048,17],[133.69222,34.63031,16],[133.69163,34.63015,14],[133.68895,34.62923,15],[133.68669,34.62838,17],[133.68638,34.62821,17],[133.68585,34.62771,18],[133.68558,34.62754,18],[133.68499,34.62743,17],[133.6836,34.62749,19],[133.67977,34.62641,14],[133.67897,34.62413,13],[133.6787,34.62353,15],[133.67664,34.62053,15],[133.6754,34.62123,11],[133.67464,34.62154,16],[133.67377,34.62171,16],[133.67299,34.62173,16],[133.67192,34.62155,16],[133.67012,34.62098,17],[133.6693,34.62079,16],[133.66667,34.62048,16],[133.66228,34.6197,16],[133.65984,34.61893,17],[133.65891,34.61889,16],[133.65826,34.61891,17],[133.65473,34.61942,17],[133.65449,34.61941,17],[133.65341,34.61921,14],[133.6534,34.61924,14],[133.65211,34.61898,15],[133.65128,34.6186,16],[133.65092,34.6184,17],[133.6508,34.61823,18],[133.65075,34.61825,18],[133.65054,34.61816,18],[133.65024,34.61796,19],[133.64978,34.61746,20],[133.6498,34.61739,22],[133.64965,34.61733,22],[133.64905,34.61718,23],[133.64823,34.61708,22],[133.6468,34.61656,18],[133.64633,34.61645,18],[133.64462,34.61618,17],[133.6446,34.61623,16],[133.64422,34.61617,17],[133.64107,34.61529,21],[133.63916,34.61461,30],[133.63834,34.61437,35],[133.63687,34.61402,37],[133.63385,34.61355,21],[133.63329,34.61343,22],[133.6324,34.61337,20],[133.63139,34.61338,17],[133.62877,34.6137,17],[133.62663,34.61378,19],[133.62537,34.61372,18],[133.62334,34.61347,18],[133.62177,34.61334,15],[133.62097,34.61331,18],[133.61895,34.61333,16],[133.6165,34.61368,21],[133.61581,34.6137,24],[133.61517,34.61359,33],[133.61487,34.61369,33],[133.6144,34.61377,32],[133.61348,34.61385,28],[133.61275,34.61379,29],[133.61243,34.61371,31],[133.61188,34.61339,36],[133.61167,34.61333,36],[133.61143,34.61314,40],[133.61101,34.61332,25],[133.60898,34.61337,18],[133.60755,34.61324,14],[133.60665,34.61308,18],[133.60605,34.6129,18],[133.60595,34.61461,19],[133.6052,34.61447,19],[133.60435,34.61443,20],[133.60368,34.61449,20],[133.6027,34.61474,21],[133.60224,34.61495,20],[133.60162,34.61532,17],[133.6011,34.61573,16],[133.60042,34.61637,18],[133.60006,34.61681,24],[133.59974,34.61736,35],[133.59928,34.619,29],[133.59907,34.61949,22],[133.59868,34.62017,20],[133.59813,34.62089,21],[133.59748,34.62154,19],[133.59686,34.62201,19],[133.59576,34.62267,21],[133.59582,34.62292,22],[133.59546,34.62373,23],[133.59478,34.62393,23],[133.59351,34.62421,24],[133.59268,34.62429,24],[133.58811,34.6239,19],[133.5859,34.62367,20],[133.58495,34.62331,24],[133.58527,34.62303,25],[133.58451,34.62292,24],[133.58292,34.62249,23],[133.58221,34.62222,22],[133.5817,34.62193,23],[133.58121,34.62154,23],[133.58084,34.62114,23],[133.58015,34.62022,23],[133.57954,34.61966,23],[133.57888,34.61926,23],[133.57669,34.61825,24],[133.57637,34.61804,24],[133.57552,34.61734,24],[133.57499,34.61706,23],[133.56791,34.61451,22],[133.56399,34.61305,22],[133.55902,34.61138,23],[133.55407,34.60958,25],[133.55164,34.60857,28],[133.55111,34.60848,28],[133.5505,34.60848,28],[133.55002,34.60839,29],[133.54789,34.60732,29],[133.54635,34.607,28],[133.5455,34.60672,26],[133.53951,34.60378,35],[133.53915,34.6035,37],[133.53871,34.60299,38],[133.53826,34.6026,38],[133.53755,34.60226,34],[133.53118,34.60019,29],[133.53076,34.60012,30],[133.52986,34.60008,31],[133.52846,34.60015,31],[133.5274,34.60003,30],[133.52703,34.59992,30],[133.52524,34.59915,28],[133.52484,34.59903,28],[133.52092,34.59825,29],[133.51793,34.5975,29],[133.51706,34.59737,29],[133.51344,34.59715,30],[133.51229,34.59699,30],[133.51174,34.59686,30],[133.50879,34.59593,31],[133.50562,34.59479,31],[133.50246,34.59399,34],[133.50019,34.59381,35],[133.49969,34.59388,34],[133.49932,34.594,33],[133.49731,34.59519,36],[133.49605,34.5962,35],[133.49497,34.59692,36],[133.4924,34.5985,37],[133.49204,34.59867,38],[133.49166,34.59878,37],[133.49132,34.59883,37],[133.49067,34.59879,35],[133.48771,34.59806,36],[133.48699,34.598,37],[133.47569,34.5991,40],[133.47387,34.59938,39],[133.47354,34.5994,39],[133.47305,34.59933,39],[133.47266,34.59918,39],[133.47161,34.59855,39],[133.47111,34.59833,39],[133.46694,34.59708,39],[133.46283,34.59593,40],[133.4613,34.5956,39],[133.4609,34.59547,39],[133.45861,34.59438,38],[133.45763,34.59396,37],[133.44442,34.589,33],[133.44387,34.58867,32],[133.44347,34.58822,32],[133.4425,34.58585,31],[133.44241,34.5858,31],[133.43971,34.5847,30],[133.43924,34.58461,30],[133.43801,34.58449,30],[133.43736,34.58433,31],[133.43668,34.58393,33],[133.43522,34.58285,31],[133.43463,34.58256,31],[133.43353,34.58208,31],[133.43201,34.58163,30],[133.42473,34.57853,26],[133.42042,34.57627,25],[133.41125,34.57296,22],[133.41056,34.57264,22],[133.40183,34.56671,19],[133.39869,34.56448,18],[133.39776,34.56362,18],[133.3931,34.55898,16],[133.39277,34.55842,17],[133.39266,34.55795,19],[133.39265,34.55767,19],[133.3932,34.55291,16],[133.39321,34.55149,14],[133.39313,34.55079,14],[133.39288,34.54965,13],[133.3921,34.54743,13],[133.39011,34.54719,13],[133.38997,34.54679,13],[133.38955,34.54645,12],[133.3892,34.5463,12],[133.388,34.54598,12],[133.38709,34.54564,12],[133.3822,34.54283,10],[133.38216,34.54274,10],[133.38237,34.54236,10],[133.37941,34.54115,9],[133.37981,34.53832,10],[133.37987,34.53798,9],[133.37999,34.53769,9],[133.3799,34.5374,9],[133.38016,34.53568,9],[133.38009,34.53528,9],[133.37985,34.53499,9],[133.3714,34.52907,8],[133.36969,34.52826,8],[133.36955,34.52817,8],[133.36908,34.52769,8],[133.36755,34.52695,8],[133.36643,34.526,9],[133.36564,34.52565,10],[133.365,34.52528,10],[133.36466,34.52496,10],[133.36435,34.52456,11],[133.36414,34.52466,11],[133.36301,34.52543,10],[133.36264,34.52579,9],[133.36184,34.52538,9],[133.36106,34.52484,8],[133.35772,34.52197,8],[133.35561,34.52031,8],[133.35515,34.52005,8],[133.35314,34.51947,8],[133.35235,34.51906,11],[133.35216,34.51903,11],[133.35122,34.51974,13],[133.34884,34.52083,13],[133.34868,34.52085,13],[133.34834,34.52004,12],[133.34828,34.52017,12],[133.34832,34.52057,11],[133.34826,34.52091,7],[133.3477,34.52043,7],[133.34749,34.52017,6],[133.34697,34.51891,6],[133.3466,34.51841,6],[133.34597,34.5173,6],[133.3459,34.51685,6],[133.34561,34.51677,6],[133.34546,34.51657,6],[133.34495,34.51541,6],[133.34486,34.51533,6],[133.34449,34.51521,6],[133.34381,34.51451,7],[133.34342,34.51429,8],[133.34305,34.51393,8],[133.34292,34.51373,9],[133.34297,34.5136,9],[133.34298,34.51306,8],[133.34305,34.51292,8],[133.34311,34.51292,8],[133.34326,34.51275,8],[133.34351,34.51222,8],[133.34366,34.51091,6],[133.34348,34.51025,6],[133.34335,34.51013,6],[133.34298,34.51019,8],[133.34256,34.50964,8],[133.34198,34.5092,7],[133.34156,34.50856,7],[133.34155,34.50831,7],[133.34114,34.50745,5],[133.34039,34.50666,5],[133.34035,34.50654,5],[133.34038,34.50619,5],[133.33996,34.50603,5],[133.3396,34.50583,5],[133.33891,34.50532,5],[133.33845,34.50487,5],[133.33822,34.50492,5],[133.33809,34.50489,5],[133.33792,34.50467,5],[133.33787,34.50448,5],[133.33708,34.50389,6],[133.33652,34.5036,6],[133.33629,34.50339,6],[133.33612,34.50301,6],[133.33543,34.50238,5],[133.33525,34.50195,5],[133.335,34.50161,6],[133.33483,34.50151,6],[133.3346,34.50128,5],[133.33392,34.50015,7],[133.33395,34.49996,6],[133.33305,34.4996,7],[133.33328,34.49936,6],[133.33351,34.49921,5],[133.33313,34.49889,5],[133.3327,34.49786,5],[133.33229,34.49713,5],[133.33202,34.49679,5],[133.33104,34.49585,5],[133.32884,34.49337,5],[133.32877,34.49303,5],[133.3288,34.49287,6],[133.32786,34.49188,8],[133.32677,34.49095,10],[133.32659,34.49071,10],[133.32597,34.49009,10],[133.3245,34.48874,9],[133.32306,34.48724,6],[133.32187,34.4861,8],[133.32122,34.48522,9],[133.32084,34.48481,10],[133.32019,34.48424,10],[133.31903,34.48307,9],[133.31774,34.48196,9],[133.31651,34.48068,8],[133.31374,34.47807,9],[133.31042,34.47467,11],[133.30938,34.47432,16],[133.30788,34.4746,21],[133.30683,34.47451,19],[133.30632,34.47435,19],[133.30589,34.47399,19],[133.30542,34.47372,20],[133.3045,34.47303,20],[133.30495,34.4726,17],[133.30268,34.47064,18],[133.30188,34.47007,20],[133.29377,34.46561,26],[133.28671,34.46249,20],[133.28085,34.46037,16],[133.27887,34.4597,14],[133.27865,34.45956,14],[133.2776,34.45921,12],[133.27557,34.45843,10],[133.27253,34.45703,7],[133.27053,34.45628,7],[133.26762,34.45482,4],[133.26701,34.45457,4],[133.26402,34.45389,4],[133.26351,34.45382,4],[133.26297,34.45381,3],[133.26168,34.45395,2],[133.2609,34.45395,2],[133.26042,34.4539,2],[133.2595,34.45369,2],[133.25856,34.45332,2],[133.25397,34.45101,3],[133.25041,34.44939,2],[133.24953,34.44921,3],[133.24749,34.44909,2],[133.24706,34.44902,3],[133.24657,34.44887,3],[133.24491,34.44807,3],[133.24023,34.44557,7],[133.23515,34.44295,2],[133.23378,34.44221,2],[133.23304,34.44173,3],[133.23194,34.44037,4],[133.23174,34.44005,4],[133.23153,34.43955,4],[133.22941,34.43204,1],[133.22898,34.43027,1],[133.22867,34.4294,1],[133.2281,34.42733,4],[133.22769,34.42579,4],[133.2276,34.42517,4],[133.22761,34.42494,4],[133.22803,34.42293,4],[133.22833,34.42154,7],[133.22848,34.42107,9],[133.22963,34.41882,12],[133.22998,34.41847,11],[133.23104,34.41768,10],[133.23142,34.41691,6],[133.23154,34.41614,3],[133.23148,34.41509,3],[133.23152,34.41401,3],[133.23133,34.41356,3],[133.23122,34.41342,3],[133.23091,34.41318,3],[133.229,34.41223,4],[133.22763,34.41127,3],[133.22706,34.41094,3],[133.22642,34.41064,3],[133.22569,34.41037,3],[133.22124,34.40917,3],[133.22075,34.40914,3],[133.2191,34.4094,3],[133.21866,34.40951,3],[133.21783,34.4099,3],[133.21659,34.41067,3],[133.21511,34.41123,3],[133.21456,34.41133,3],[133.21433,34.41132,3],[133.21156,34.41103,3],[133.21103,34.41107,2],[133.21054,34.41117,2],[133.21033,34.41086,2],[133.2092,34.41071,2],[133.20721,34.41009,2],[133.20549,34.40945,2],[133.20427,34.40887,2],[133.20412,34.40886,2],[133.20398,34.40906,2],[133.20239,34.408,2],[133.20195,34.40793,2],[133.2007,34.40727,2],[133.20048,34.40701,2],[133.20069,34.40667,4],[133.20138,34.40658,2],[133.20163,34.40648,0],[133.20268,34.40517,0],[133.20322,34.40437,2],[133.2038,34.40457,2],[133.20463,34.40173,3],[133.20505,34.40089,3],[133.20562,34.39936,3],[133.20588,34.39948,3],[133.20646,34.3996,3],[133.20752,34.39959,6],[133.20805,34.39952,8],[133.20858,34.39934,10],[133.20916,34.39899,12],[133.21031,34.39856,10],[133.2115,34.39797,5],[133.21194,34.39788,4],[133.21737,34.398,2],[133.2181,34.39815,3],[133.22104,34.39936,2],[133.22141,34.39956,2],[133.22264,34.4008,3],[133.22386,34.4015,3],[133.2254,34.40248,3],[133.22577,34.40256,3],[133.22893,34.40248,2],[133.22932,34.40241,2],[133.22953,34.40227,2],[133.22967,34.40209,2],[133.2299,34.40147,2],[133.23011,34.4013,2],[133.23044,34.40121,2],[133.2312,34.40121,4],[133.23249,34.40108,11],[133.23334,34.40123,13],[133.23406,34.40111,10],[133.23504,34.40125,4],[133.23562,34.4016,3],[133.23591,34.40128,3],[133.23599,34.4011,3],[133.23612,34.40108,3],[133.23643,34.40092,3],[133.23664,34.40094,3],[133.23681,34.40085,4],[133.23694,34.40062,3],[133.2371,34.39988,2],[133.23772,34.39921,3],[133.23843,34.39871,3],[133.23911,34.3981,3],[133.23927,34.39826,3],[133.23966,34.3985,1],[133.24019,34.3987,0],[133.24096,34.39882,0],[133.24177,34.39883,0],[133.24233,34.39879,0],[133.24331,34.39861,-1],[133.24409,34.39836,3],[133.24436,34.39841,4],[133.24478,34.39812,3],[133.24506,34.39802,3],[133.24744,34.39782,3],[133.24827,34.39789,3],[133.24865,34.398,3],[133.24972,34.39846,2],[133.25031,34.39879,2],[133.2507,34.39923,3],[133.25086,34.39957,4],[133.25084,34.39976,4],[133.25055,34.4003,4],[133.25052,34.40045,4],[133.25057,34.40065,4],[133.25074,34.40079,3],[133.25133,34.40095,4],[133.25212,34.40095,3],[133.25274,34.40113,3],[133.25314,34.40137,4],[133.25326,34.4014,4],[133.25352,34.40133,2],[133.25411,34.40082,2],[133.25443,34.40065,3],[133.25483,34.40058,3],[133.25549,34.40036,3],[133.25631,34.39869,2],[133.25663,34.39849,2],[133.25704,34.39806,3],[133.25721,34.39727,3],[133.25739,34.39691,2],[133.25799,34.39627,3],[133.25854,34.39522,3],[133.25894,34.39468,3],[133.25927,34.39434,3],[133.25947,34.39427,3],[133.25965,34.39427,4],[133.25983,34.39433,4],[133.26044,34.39472,4],[133.26085,34.39509,3],[133.26102,34.39501,3],[133.26132,34.39507,3],[133.26193,34.39496,3],[133.26232,34.39485,3],[133.26292,34.39459,3],[133.26383,34.39406,3],[133.26424,34.39366,3],[133.26539,34.39287,3],[133.26575,34.39247,4],[133.26596,34.39234,3],[133.26627,34.39232,3],[133.26644,34.3924,3],[133.26684,34.39271,2],[133.26719,34.39278,2],[133.2675,34.3927,2],[133.26796,34.39242,2],[133.26824,34.39233,2],[133.26847,34.39242,2],[133.26867,34.39267,2],[133.26887,34.39282,3],[133.26902,34.39286,3],[133.26942,34.39285,2],[133.26972,34.39278,3],[133.26987,34.3927,3],[133.27062,34.39219,3],[133.27108,34.39208,3],[133.27146,34.39232,3],[133.27214,34.39257,3],[133.27277,34.39316,3],[133.27343,34.3934,3],[133.27377,34.39365,4],[133.27427,34.39373,8],[133.27519,34.39429,5],[133.27617,34.39464,3],[133.27627,34.39482,2],[133.27596,34.39538,3],[133.27598,34.39557,3],[133.27695,34.39643,2],[133.27734,34.39724,1],[133.27733,34.3976,2],[133.27744,34.39817,2],[133.27736,34.39846,1],[133.27719,34.39874,2],[133.27713,34.39941,4],[133.27732,34.39972,4],[133.27777,34.40014,3],[133.27874,34.40068,4],[133.28051,34.40134,3],[133.2815,34.40176,2],[133.28149,34.4016,0],[133.2816,34.40145,3],[133.28164,34.40112,3],[133.28159,34.40028,3],[133.28181,34.3998,3],[133.28224,34.39927,2],[133.28247,34.39871,3],[133.28242,34.39814,3],[133.2825,34.39761,5],[133.28242,34.39736,4],[133.2825,34.39725,4],[133.28268,34.39714,4],[133.28311,34.39645,3],[133.28293,34.39622,2],[133.28227,34.39583,3],[133.28198,34.39551,4],[133.28177,34.39499,8],[133.28211,34.39437,8],[133.28287,34.39396,8],[133.28302,34.39381,9],[133.2831,34.39356,7],[133.28347,34.39324,6],[133.28374,34.39308,8],[133.28431,34.39291,7],[133.28457,34.39272,7],[133.28589,34.39028,6],[133.28634,34.38967,6],[133.28658,34.38942,7],[133.28686,34.38929,7],[133.28809,34.389,4],[133.28844,34.38883,4],[133.28912,34.38812,3],[133.28956,34.38751,3],[133.29027,34.38688,3],[133.29041,34.38683,3],[133.29071,34.3869,3],[133.291,34.38687,3],[133.29143,34.38673,3],[133.2917,34.38658,3],[133.29203,34.3863,3],[133.29292,34.38501,3],[133.2931,34.38485,3],[133.29337,34.38484,3],[133.29373,34.38511,3],[133.29439,34.38535,3],[133.29536,34.38535,3],[133.29585,34.3856,3],[133.29628,34.38566,3],[133.29643,34.38573,3],[133.29688,34.38617,2],[133.29721,34.38627,2],[133.29836,34.38641,2],[133.29922,34.38664,2],[133.29967,34.3868,3],[133.30048,34.38725,3],[133.30134,34.38742,3],[133.3023,34.38755,3],[133.30466,34.38775,3],[133.30514,34.38772,3],[133.30566,34.38761,3],[133.30611,34.3876,3],[133.30645,34.38752,3],[133.30781,34.38676,3],[133.3086,34.38623,3],[133.30915,34.38605,4],[133.30992,34.38547,4],[133.31125,34.38464,4],[133.31209,34.38389,3],[133.31255,34.38358,4],[133.31296,34.38322,4],[133.31577,34.38148,2],[133.31662,34.3811,3],[133.31802,34.38093,3],[133.31801,34.38167,7],[133.31831,34.38294,24],[133.31854,34.3834,30],[133.3187,34.3835,31],[133.31908,34.38358,30],[133.31928,34.38281,31],[133.31934,34.38233,31],[133.3193,34.38163,31],[133.31934,34.38115,31],[133.31953,34.38085,32],[133.31991,34.38053,32],[133.32025,34.38016,32],[133.32072,34.37924,32],[133.32153,34.37833,32],[133.32168,34.37811,32],[133.32176,34.37786,32],[133.32191,34.37663,32],[133.32202,34.37465,32],[133.32194,34.37431,32],[133.32175,34.37399,32],[133.32146,34.37372,32],[133.3211,34.37352,32],[133.3185,34.37253,32],[133.31762,34.37234,32],[133.3147,34.37184,24],[133.31437,34.37175,22],[133.31313,34.37115,15],[133.31201,34.37049,7],[133.31172,34.37046,6],[133.31145,34.37054,5],[133.31107,34.37087,3],[133.31044,34.37098,3],[133.31009,34.37097,3],[133.30972,34.37079,3],[133.30914,34.37009,3],[133.30873,34.36972,3],[133.30818,34.36941,3],[133.30771,34.36926,3],[133.30585,34.36898,3],[133.30378,34.36857,3],[133.30198,34.36813,2],[133.30163,34.36789,3],[133.30103,34.36717,3],[133.30086,34.36679,3],[133.30069,34.36657,3],[133.30032,34.36621,3],[133.29989,34.36601,3],[133.29866,34.36576,2],[133.29802,34.36546,3],[133.2974,34.3651,3],[133.29639,34.36441,3],[133.29529,34.36327,3],[133.2943,34.36267,3],[133.29376,34.36227,3],[133.29354,34.36199,3],[133.29297,34.36064,3],[133.29282,34.36041,3],[133.29247,34.36007,3],[133.29171,34.35964,3],[133.29155,34.35947,3],[133.29148,34.3593,3],[133.29148,34.35911,3],[133.29159,34.35868,3],[133.29159,34.35842,3],[133.29128,34.35731,2],[133.29117,34.35706,2],[133.29104,34.35691,3],[133.29067,34.35664,3],[133.29033,34.35654,3],[133.28963,34.35645,3],[133.28876,34.35643,3],[133.28826,34.35628,3],[133.28739,34.3557,3],[133.287,34.3555,3],[133.28685,34.35535,3],[133.28679,34.3552,3],[133.28677,34.35507,3],[133.28684,34.3548,3],[133.28728,34.3542,3],[133.28735,34.35393,3],[133.28739,34.35337,3],[133.28769,34.35275,3],[133.28767,34.35199,3],[133.28749,34.35166,3],[133.28731,34.35101,3],[133.28699,34.35086,2],[133.28707,34.35044,3],[133.28732,34.3498,3],[133.28737,34.34937,4],[133.28723,34.34916,2],[133.28623,34.34822,3],[133.28611,34.348,3],[133.28591,34.3472,3],[133.28595,34.34701,3],[133.28591,34.34664,4],[133.28611,34.34626,4],[133.28584,34.3458,4],[133.28582,34.34544,4],[133.2859,34.34508,5],[133.28584,34.34487,3],[133.28557,34.34438,4],[133.28553,34.34413,4],[133.28564,34.34386,4],[133.28606,34.34342,4],[133.28612,34.34315,4],[133.28599,34.34264,4],[133.28601,34.34194,4],[133.28547,34.34084,4],[133.2854,34.34046,4],[133.28543,34.34025,4],[133.2856,34.34012,5],[133.28566,34.33996,5],[133.28563,34.33978,4],[133.28544,34.33946,6],[133.28542,34.33926,4],[133.2856,34.33904,4],[133.28596,34.3389,5],[133.28599,34.33877,4],[133.28584,34.33847,3],[133.28559,34.33822,4],[133.28527,34.33808,4],[133.28506,34.33789,4],[133.2843,34.33777,4],[133.28391,34.33764,3],[133.28364,34.33763,4],[133.28315,34.33745,4],[133.28262,34.33735,4],[133.28231,34.33711,6],[133.28181,34.33661,4],[133.28151,34.33644,2],[133.28063,34.33641,3],[133.28042,34.33635,5],[133.28007,34.33612,4],[133.27986,34.33588,4],[133.27945,34.33561,4],[133.27927,34.33534,3],[133.27908,34.33523,4],[133.27896,34.33521,2],[133.2786,34.33523,7],[133.27844,34.33496,3],[133.27829,34.33497,4],[133.27789,34.33525,3],[133.27771,34.33544,4],[133.27761,34.33547,4],[133.27445,34.33574,4],[133.27443,34.3361,5],[133.27422,34.33635,8],[133.27419,34.33646,9],[133.27421,34.33679,13],[133.27409,34.33706,16],[133.27393,34.33714,16],[133.27379,34.33714,17],[133.27365,34.33708,17],[133.27341,34.33664,21],[133.27276,34.33657,25],[133.27222,34.33613,26],[133.27202,34.3359,28],[133.27182,34.33582,30],[133.27163,34.33582,31],[133.27051,34.33635,38],[133.26977,34.33658,42],[133.26939,34.33661,40],[133.26903,34.33637,37],[133.26886,34.33636,36],[133.26892,34.33646,32],[133.2693,34.33675,31],[133.26957,34.33671,32],[133.26975,34.33679,31],[133.26982,34.33688,30],[133.26986,34.33718,28],[133.26992,34.33728,30],[133.27002,34.33729,29],[133.27026,34.33718,28],[133.27036,34.33719,26],[133.27066,34.33744,23],[133.27096,34.3374,20],[133.27101,34.3375,19],[133.27094,34.33774,18],[133.27018,34.33876,17],[133.27009,34.3388,17],[133.26947,34.3388,13],[133.26906,34.33895,9],[133.26887,34.33909,7],[133.26811,34.34032,8],[133.2682,34.34092,9],[133.26794,34.34203,14],[133.26771,34.34211,14],[133.2671,34.34195,14],[133.26701,34.34199,14],[133.26696,34.34213,15],[133.26696,34.34235,15],[133.26685,34.34284,16],[133.26698,34.34299,16],[133.26725,34.3431,17],[133.26742,34.34324,18],[133.26742,34.34342,18],[133.26728,34.34374,20],[133.26748,34.34396,22],[133.26763,34.3444,24],[133.26806,34.34502,29],[133.26797,34.34567,35],[133.26871,34.34677,27],[133.26909,34.34714,24],[133.26921,34.34739,22],[133.26922,34.34765,20],[133.26906,34.34795,18],[133.26889,34.34856,14],[133.26891,34.34895,12],[133.26863,34.34932,8],[133.26859,34.34953,6],[133.26862,34.34966,5],[133.26871,34.34971,2],[133.26902,34.34971,2],[133.26982,34.34996,2],[133.27028,34.35025,3],[133.27078,34.35064,3],[133.27093,34.35081,3],[133.27116,34.35122,3],[133.27145,34.35194,4],[133.27224,34.35266,4],[133.27257,34.3528,3],[133.27314,34.35293,5],[133.27358,34.35325,4],[133.27384,34.35326,3],[133.27412,34.35341,4],[133.27446,34.35346,4],[133.27484,34.35375,2],[133.27519,34.35395,4],[133.27534,34.35399,3],[133.27552,34.35397,2],[133.27667,34.35457,3],[133.27711,34.35469,4],[133.27743,34.35492,3],[133.27812,34.35528,2],[133.27832,34.3555,2],[133.27941,34.35596,2],[133.28058,34.356,2],[133.28087,34.35605,2],[133.28145,34.35662,3],[133.28201,34.35673,3],[133.28229,34.35686,2],[133.28272,34.3568,3],[133.28447,34.35606,3],[133.28479,34.35596,2],[133.2856,34.35582,2],[133.28618,34.35585,3],[133.28657,34.35592,3],[133.28684,34.35605,3],[133.28751,34.35649,3],[133.28767,34.35655,2],[133.28795,34.35653,3],[133.28806,34.35644,3],[133.28805,34.35625,3],[133.28792,34.35613,4],[133.2874,34.35583,3],[133.28739,34.3557,3],[133.28818,34.35624,3],[133.2885,34.35637,3],[133.28887,34.35644,3],[133.28996,34.35648,3],[133.29067,34.35664,3],[133.29104,34.35691,3],[133.29117,34.35706,2],[133.29128,34.35731,2],[133.29159,34.35842,3],[133.29159,34.35868,3],[133.29148,34.35911,3],[133.29148,34.3593,3],[133.29155,34.35947,3],[133.29171,34.35964,3],[133.29247,34.36007,3],[133.29282,34.36041,3],[133.29297,34.36064,3],[133.29354,34.36199,3],[133.29376,34.36227,3],[133.2943,34.36267,3],[133.29529,34.36327,3],[133.29639,34.36441,3],[133.2974,34.3651,3],[133.29802,34.36546,3],[133.29866,34.36576,2],[133.29989,34.36601,3],[133.30032,34.36621,3],[133.30069,34.36657,3],[133.30086,34.36679,3],[133.30103,34.36717,3],[133.30163,34.36789,3],[133.30198,34.36813,2],[133.30378,34.36857,3],[133.30585,34.36898,3],[133.30771,34.36926,3],[133.30818,34.36941,3],[133.30864,34.36966,3],[133.30892,34.36988,3],[133.30961,34.37068,3],[133.30997,34.37094,3],[133.31032,34.37099,3],[133.31085,34.37092,3],[133.31115,34.37083,4],[133.31145,34.37054,5],[133.31172,34.37046,6],[133.31201,34.37049,7],[133.31313,34.37115,15],[133.31437,34.37175,22],[133.3147,34.37184,24],[133.31826,34.37246,33],[133.31992,34.37306,32],[133.32136,34.37365,32],[133.32183,34.3741,32],[133.32194,34.37431,32],[133.32202,34.37465,32],[133.32191,34.37663,32],[133.32178,34.37778,32],[133.32168,34.37811,32],[133.32156,34.37829,32],[133.32072,34.37924,32],[133.32025,34.38016,24],[133.31991,34.38053,32],[133.31953,34.38085,32],[133.31934,34.38115,31],[133.3193,34.38134,31],[133.31934,34.38233,31],[133.31928,34.38281,31],[133.31908,34.38358,30],[133.31909,34.38371,29],[133.31922,34.38404,28],[133.31941,34.38424,27],[133.32045,34.38486,20],[133.32169,34.38595,4],[133.32344,34.38728,1],[133.32639,34.3846,0],[133.32807,34.38274,0],[133.32854,34.38236,0],[133.32896,34.38213,0],[133.33116,34.38134,3],[133.3317,34.3812,4],[133.33233,34.38119,3],[133.33387,34.38153,2],[133.33437,34.38154,2],[133.33507,34.3814,2],[133.33585,34.38102,3],[133.33679,34.38027,3],[133.33712,34.38007,3],[133.33749,34.37993,4],[133.33854,34.37975,4],[133.33879,34.37967,3],[133.33964,34.37912,3],[133.34017,34.37893,3],[133.34047,34.37889,3],[133.3409,34.37892,4],[133.34115,34.37897,4],[133.34201,34.37928,6],[133.34254,34.37932,9],[133.34288,34.37928,11],[133.34443,34.37892,11],[133.34476,34.37876,9],[133.34513,34.37846,8],[133.34675,34.37624,4],[133.34707,34.37591,4],[133.3474,34.37575,5],[133.3477,34.3757,4],[133.34887,34.37583,4],[133.34945,34.37452,3],[133.34965,34.37389,3],[133.34996,34.37342,3],[133.34997,34.37322,3],[133.34907,34.3717,2],[133.34883,34.37143,3],[133.34845,34.37118,3],[133.34837,34.37108,3],[133.34815,34.37039,4],[133.348,34.36904,3],[133.34787,34.36875,3],[133.34759,34.36844,3],[133.34715,34.36813,3],[133.34706,34.36798,3],[133.34684,34.36784,3],[133.34628,34.36691,7],[133.34621,34.36669,10],[133.34679,34.36776,3],[133.34707,34.36801,3],[133.34712,34.36811,3],[133.34759,34.36844,3],[133.34794,34.36888,3],[133.34803,34.36923,3],[133.3481,34.37014,3],[133.34837,34.37108,3],[133.34845,34.37118,3],[133.34883,34.37143,3],[133.34907,34.3717,2],[133.34997,34.37322,3],[133.34993,34.37349,3],[133.34963,34.37398,3],[133.34998,34.37417,3],[133.35097,34.37497,4],[133.35163,34.3753,6],[133.35173,34.37532,6],[133.35204,34.37523,6],[133.3523,34.37523,6],[133.353,34.37558,8],[133.3537,34.37624,10],[133.35425,34.37651,12],[133.35577,34.37537,32],[133.35595,34.37519,34],[133.3561,34.37486,38],[133.35634,34.37393,47],[133.35666,34.37355,51],[133.35802,34.37301,57],[133.35974,34.37225,62],[133.36024,34.3721,63],[133.36071,34.37212,64],[133.36254,34.37266,66],[133.3628,34.37267,66],[133.36331,34.37253,67],[133.36354,34.37253,66],[133.36395,34.37269,64],[133.36451,34.37304,61],[133.36499,34.37317,58],[133.36535,34.3732,56],[133.36623,34.37315,52],[133.36654,34.37321,51],[133.36799,34.37392,46],[133.36846,34.37429,45],[133.37115,34.3777,41],[133.37142,34.37797,40],[133.37183,34.37816,39],[133.37287,34.37826,36],[133.37316,34.37837,34],[133.37338,34.37851,33],[133.37416,34.37924,29],[133.37467,34.37952,25],[133.37487,34.37921,38],[133.37508,34.37908,39],[133.37528,34.37906,37],[133.37556,34.37919,36],[133.37584,34.3798,20],[133.37595,34.37993,14],[133.37638,34.3802,10],[133.37719,34.38084,3],[133.37739,34.38086,2],[133.37747,34.38128,3],[133.37745,34.38151,3],[133.37752,34.38174,3],[133.37783,34.38214,4],[133.37818,34.38246,3],[133.37871,34.38284,4],[133.37919,34.38307,3],[133.37918,34.38359,9],[133.38104,34.3836,4],[133.38216,34.38354,4],[133.38243,34.38348,4],[133.38258,34.38382,7],[133.38287,34.38416,6],[133.38349,34.38444,4],[133.38437,34.38476,3],[133.38342,34.38668,2],[133.38169,34.38891,2],[133.38084,34.39025,2],[133.37977,34.39288,3],[133.37919,34.39671,4],[133.37913,34.39903,4],[133.37917,34.39924,4],[133.38034,34.40185,3],[133.38061,34.40339,3],[133.38132,34.40672,3],[133.38154,34.40714,3],[133.3819,34.40765,3],[133.38251,34.40894,3],[133.38265,34.40937,3],[133.38279,34.41017,3],[133.383,34.41094,3],[133.38341,34.41215,3],[133.38404,34.4137,3],[133.38417,34.415,3],[133.38491,34.41899,3],[133.38481,34.41974,3],[133.38483,34.42009,3],[133.38505,34.4206,3],[133.38561,34.42149,3],[133.38596,34.42218,3],[133.38619,34.42246,3],[133.38654,34.42271,3],[133.38769,34.42321,3],[133.38789,34.42336,3],[133.38801,34.42363,3],[133.38796,34.424,3],[133.38652,34.42943,16],[133.38644,34.42991,17],[133.38649,34.43048,19],[133.38645,34.43087,20],[133.38629,34.43126,19],[133.38554,34.43266,14],[133.38545,34.4329,13],[133.38533,34.43355,11],[133.38533,34.43424,10],[133.38545,34.43505,8],[133.38539,34.43551,7],[133.38539,34.44096,2],[133.3857,34.44617,0],[133.38578,34.44649,1],[133.38596,34.44683,1],[133.38616,34.44707,1],[133.38915,34.44974,7],[133.39211,34.45221,5],[133.39251,34.45269,3],[133.3928,34.45329,2],[133.40145,34.47507,0],[133.40228,34.47705,2],[133.40232,34.47742,3],[133.40229,34.47768,3],[133.40188,34.48003,1],[133.40167,34.48166,0],[133.40141,34.483,0],[133.40511,34.4832,0],[133.40559,34.48319,0],[133.40594,34.48312,0],[133.40633,34.48297,0],[133.40665,34.48277,1],[133.40806,34.48145,2],[133.40867,34.48106,3],[133.41516,34.47872,2],[133.4159,34.47868,2],[133.43407,34.47852,4],[133.43457,34.4787,4],[133.43646,34.48008,4],[133.43688,34.48045,4],[133.43705,34.48078,4],[133.43719,34.48736,2],[133.43723,34.4876,1],[133.43736,34.48788,1],[133.43809,34.48885,0],[133.44704,34.48851,4],[133.44858,34.48818,16],[133.44887,34.48819,17],[133.44996,34.48844,12],[133.45043,34.4885,10],[133.454,34.48854,2],[133.45712,34.48842,0],[133.4579,34.48832,0],[133.46014,34.48786,5],[133.46364,34.48765,4],[133.46406,34.48756,4],[133.46444,34.48738,6],[133.46576,34.4863,6],[133.46607,34.48614,5],[133.46629,34.48632,5],[133.46645,34.48637,5],[133.46711,34.48636,3],[133.46783,34.48617,-1],[133.46887,34.48509,-1],[133.4777,34.49067,-1],[133.48869,34.47876,-3],[133.48937,34.47843,-4],[133.4994,34.47441,-4],[133.49969,34.47418,-4],[133.50392,34.46958,3],[133.50759,34.47043,3],[133.50824,34.47067,5],[133.51013,34.47149,1],[133.51055,34.47179,2],[133.51115,34.47267,2],[133.51158,34.47303,3],[133.51191,34.47309,3],[133.51254,34.47301,4],[133.51356,34.47259,6],[133.51405,34.47256,6],[133.51432,34.47268,6],[133.51474,34.47329,3],[133.51508,34.47355,2],[133.51666,34.47398,2],[133.51705,34.47437,1],[133.51676,34.47463,2],[133.51645,34.47501,5],[133.51627,34.47545,8],[133.51625,34.4759,11],[133.51633,34.4762,14],[133.51697,34.47779,23],[133.51744,34.47828,24],[133.51906,34.4796,24],[133.51926,34.4797,24],[133.5194,34.47974,24],[133.51972,34.47972,23],[133.51995,34.47962,23],[133.52076,34.4791,23],[133.52111,34.47901,23],[133.52141,34.47902,23],[133.52226,34.47928,22],[133.52282,34.4795,19],[133.52327,34.47984,16],[133.52358,34.48029,12],[133.52393,34.47993,10],[133.524,34.47958,8],[133.52398,34.47949,8],[133.52384,34.47934,6],[133.52333,34.47906,3],[133.52354,34.47862,2],[133.52435,34.47885,2],[133.52602,34.47885,3],[133.52613,34.47908,3],[133.52636,34.479,3],[133.52884,34.47769,3],[133.52905,34.47768,3],[133.52939,34.47782,4],[133.52957,34.47713,4],[133.52963,34.47668,4],[133.52962,34.47631,4],[133.52944,34.47597,3],[133.52943,34.47583,3],[133.5296,34.47527,3],[133.52989,34.47473,4],[133.53013,34.47353,4],[133.53017,34.47275,4],[133.5303,34.47248,4],[133.53084,34.47168,3],[133.53172,34.46972,3],[133.53214,34.46942,3],[133.53238,34.46897,3],[133.53266,34.46869,3],[133.53363,34.46798,3],[133.53431,34.46726,3],[133.53543,34.4668,4],[133.53532,34.46641,3],[133.53534,34.46617,3],[133.53611,34.46548,3],[133.53697,34.46438,3],[133.53783,34.46313,3],[133.5385,34.46283,3],[133.53917,34.46237,3],[133.53966,34.46187,3],[133.54022,34.4615,3],[133.54041,34.46143,3],[133.54059,34.46144,3],[133.54109,34.46172,3],[133.54178,34.4619,3],[133.5427,34.4617,3],[133.54337,34.46204,3],[133.54393,34.46215,3],[133.54484,34.46224,3],[133.54537,34.46224,3],[133.54603,34.46217,3],[133.54625,34.46219,3],[133.54655,34.46233,3],[133.54741,34.46292,3],[133.54795,34.46312,3],[133.54868,34.46318,3],[133.54908,34.46298,3],[133.54948,34.46299,3],[133.55205,34.46441,3],[133.55223,34.46447,4],[133.55286,34.46451,4],[133.55344,34.46444,4],[133.55365,34.46449,4],[133.55399,34.46466,3],[133.55426,34.46482,3],[133.55525,34.46567,3],[133.55674,34.46674,3],[133.55753,34.46751,3],[133.55855,34.46805,3],[133.55964,34.46833,3],[133.56044,34.46837,3],[133.56145,34.4683,3],[133.56199,34.46811,3],[133.56491,34.46757,3],[133.56758,34.46665,3],[133.56868,34.46621,5],[133.5691,34.46599,6],[133.56925,34.46596,6],[133.57045,34.46594,6],[133.57118,34.46607,6],[133.57186,34.46604,6],[133.57302,34.46616,6],[133.57346,34.46608,5],[133.57411,34.46575,3],[133.57433,34.4657,3],[133.57453,34.46571,3],[133.57504,34.46584,3],[133.57619,34.4658,3],[133.57642,34.46586,3],[133.57715,34.46656,3],[133.57733,34.46686,3],[133.57736,34.4671,3],[133.57727,34.46774,5],[133.57694,34.46835,6],[133.57698,34.46861,6],[133.57732,34.4691,6],[133.5788,34.47073,2],[133.58105,34.47302,1],[133.58307,34.47491,2],[133.58465,34.47629,2],[133.585,34.47669,2],[133.58504,34.47675,2],[133.585,34.47686,2],[133.58507,34.47692,1],[133.58518,34.47691,2],[133.58522,34.47681,2],[133.58561,34.47652,2],[133.58895,34.47337,2],[133.58917,34.47335,2],[133.58924,34.47325,2],[133.58941,34.47331,2],[133.5898,34.47328,2],[133.59006,34.47334,3],[133.59028,34.47323,3],[133.59045,34.47308,2],[133.59164,34.47317,3],[133.59215,34.4731,3],[133.59235,34.47311,3],[133.59235,34.47326,3],[133.59256,34.47327,3],[133.59257,34.47349,3],[133.59266,34.4735,3],[133.59286,34.47343,3],[133.59281,34.47331,3],[133.59275,34.47263,2],[133.59263,34.47243,2],[133.59215,34.47198,2],[133.59205,34.47178,2],[133.59197,34.47129,2],[133.592,34.47101,2],[133.59218,34.4703,5],[133.59228,34.4701,5],[133.59356,34.46944,5],[133.59381,34.46941,5],[133.59356,34.46944,5],[133.59227,34.47011,5],[133.59218,34.4703,5],[133.59197,34.47129,2],[133.59205,34.47178,2],[133.59215,34.47198,2],[133.59263,34.47243,2],[133.59275,34.47263,2],[133.59283,34.47339,3],[133.59393,34.4741,2],[133.59404,34.47439,2],[133.59398,34.47465,3],[133.59358,34.47509,3],[133.58735,34.4809,2],[133.58926,34.48327,3],[133.58949,34.48392,2],[133.59027,34.48686,3],[133.59087,34.4881,3],[133.59119,34.48851,3],[133.59347,34.4907,3],[133.5943,34.49131,2],[133.59599,34.49207,1],[133.59686,34.49279,3],[133.59964,34.49454,2],[133.59984,34.49472,3],[133.6004,34.4955,6],[133.6005,34.49561,6],[133.60069,34.49571,8],[133.60112,34.49585,11],[133.60146,34.49589,14],[133.60233,34.49569,18],[133.60328,34.49535,23],[133.60359,34.49539,24],[133.60384,34.49549,26],[133.60466,34.49537,26],[133.60517,34.49536,24],[133.60567,34.49542,22],[133.60577,34.49546,22],[133.60582,34.4956,21],[133.60574,34.49573,20],[133.60526,34.49617,16],[133.60522,34.49636,16],[133.60531,34.49656,16],[133.60597,34.49693,14],[133.60683,34.49699,12],[133.60858,34.49766,6],[133.60984,34.49741,4],[133.61111,34.49704,3],[133.616,34.49541,3],[133.61661,34.49516,4],[133.61675,34.49508,4],[133.61683,34.49488,9],[133.61678,34.49474,12],[133.6165,34.49435,12],[133.61647,34.49395,16],[133.6166,34.49313,18],[133.61687,34.49261,21],[133.61694,34.49215,24],[133.61706,34.49188,25],[133.61722,34.49172,24],[133.61738,34.49176,25],[133.61753,34.49203,23],[133.61774,34.49286,19],[133.6179,34.4931,19],[133.61807,34.49319,19],[133.61825,34.49309,20],[133.61861,34.4926,21],[133.61867,34.49241,20],[133.61879,34.49226,20],[133.61904,34.49212,20],[133.61923,34.49212,20],[133.61955,34.49239,18],[133.62032,34.49326,15],[133.62136,34.49398,9],[133.62179,34.49447,5],[133.62277,34.49627,10],[133.62303,34.49665,10],[133.62313,34.497,9],[133.6235,34.49745,7],[133.62351,34.49753,6],[133.62323,34.49788,6],[133.62321,34.49833,4],[133.62329,34.49863,4],[133.62353,34.49906,6],[133.62416,34.49986,6],[133.62433,34.49993,6],[133.62456,34.49992,5],[133.62469,34.49996,6],[133.62513,34.50033,4],[133.62521,34.50088,4],[133.62534,34.50114,4],[133.6255,34.50132,4],[133.62717,34.50257,4],[133.62866,34.5032,4],[133.62913,34.50331,4],[133.63655,34.50355,3],[133.63669,34.50364,3],[133.63785,34.5048,4],[133.63873,34.5051,3],[133.63951,34.5053,3],[133.64017,34.50555,3],[133.64076,34.50597,3],[133.64099,34.50608,3],[133.64169,34.50618,4],[133.64214,34.50639,6],[133.64271,34.50655,6],[133.64288,34.50664,6],[133.64327,34.50714,7],[133.64339,34.50721,7],[133.64408,34.50733,9],[133.64524,34.50793,11],[133.64608,34.50811,11],[133.64713,34.50885,10],[133.64795,34.50897,6],[133.64812,34.50905,5],[133.64822,34.50916,5],[133.64827,34.50933,3],[133.64819,34.50972,3],[133.64796,34.51033,3],[133.64803,34.51152,10],[133.64798,34.512,9],[133.64767,34.51254,6],[133.64684,34.51351,6],[133.64645,34.51465,4],[133.64615,34.51508,3],[133.64785,34.51569,2],[133.64928,34.51629,3],[133.65246,34.5178,1],[133.6537,34.5182,1],[133.65528,34.51856,3],[133.6565,34.51904,2],[133.65711,34.51939,2],[133.6586,34.52046,4],[133.65872,34.52048,4],[133.66042,34.52139,0],[133.66092,34.52181,0],[133.66256,34.52492,2],[133.66262,34.52529,3],[133.66241,34.52806,3],[133.66274,34.52926,3],[133.6627,34.52987,3],[133.66274,34.53013,3],[133.66359,34.53203,3],[133.66374,34.53225,3],[133.6644,34.5329,3],[133.66599,34.53401,2],[133.66632,34.53437,3],[133.66663,34.53481,3],[133.66683,34.53522,3],[133.66713,34.53605,3],[133.66787,34.53755,2],[133.66856,34.53926,2],[133.66889,34.54055,2],[133.66891,34.5411,3],[133.66906,34.54113,3],[133.6696,34.54169,2],[133.67009,34.54207,2],[133.67056,34.54225,2],[133.67123,34.54234,2],[133.67228,34.543,3],[133.67241,34.54303,3],[133.67284,34.54434,1],[133.67287,34.54455,1],[133.67282,34.54466,1],[133.67463,34.54707,1],[133.6771,34.54696,1],[133.67765,34.54699,1],[133.67833,34.54709,1],[133.6812,34.54773,1],[133.68101,34.54997,0],[133.68239,34.55099,0],[133.68273,34.55118,0],[133.68969,34.55458,0],[133.68995,34.55482,1],[133.69106,34.55513,1],[133.69173,34.5555,1],[133.6934,34.55729,1],[133.69395,34.55796,1],[133.6956,34.56075,2],[133.69587,34.5604,4],[133.696,34.56007,5],[133.6962,34.5601,5],[133.69642,34.5604,8],[133.69647,34.56038,8],[133.69676,34.56101,9],[133.70354,34.55978,8],[133.70356,34.55941,7],[133.70351,34.559,5],[133.70315,34.55785,8],[133.70297,34.55557,8],[133.70315,34.55416,4],[133.70337,34.55397,3],[133.70318,34.55366,3],[133.70316,34.55309,3],[133.70423,34.5528,3],[133.70531,34.55269,3],[133.70647,34.55307,2],[133.7075,34.552,2],[133.72205,34.54815,1],[133.72232,34.54811,1],[133.72286,34.54813,2],[133.72439,34.54836,1],[133.72492,34.5485,1],[133.72544,34.54873,1],[133.72809,34.55019,1],[133.73134,34.55086,1],[133.73519,34.5515,3],[133.73683,34.55171,4],[133.7399,34.55253,4],[133.74033,34.55273,4],[133.7441,34.55532,6],[133.74432,34.5553,4],[133.7456,34.55864,6],[133.74557,34.5587,6],[133.74567,34.55898,6],[133.74601,34.55969,4],[133.74685,34.56084,4],[133.74874,34.56314,6],[133.74943,34.56395,8],[133.74961,34.56404,10],[133.74941,34.56503,9],[133.74876,34.56604,16],[133.74889,34.56665,21],[133.74912,34.56694,19],[133.74992,34.56774,6],[133.75583,34.57662,5],[133.75591,34.57669,5],[133.75612,34.57673,6],[133.75602,34.57751,6],[133.75648,34.57759,6],[133.75744,34.57903,5],[133.76391,34.58962,4],[133.76412,34.59005,5],[133.76419,34.59032,4],[133.7642,34.59344,9],[133.76491,34.59348,6],[133.76618,34.59392,6],[133.76697,34.59409,5],[133.76944,34.59428,3],[133.77037,34.59421,5],[133.77038,34.59483,5],[133.7706,34.5955,6],[133.77095,34.59623,7],[133.77081,34.59634,7],[133.77175,34.5974,4],[133.77217,34.59868,3],[133.77294,34.59893,2],[133.77288,34.59984,2],[133.77133,34.60003,2],[133.77136,34.60035,3],[133.77108,34.60502,4],[133.77112,34.60505,4],[133.7711,34.60542,3],[133.77096,34.60678,3],[133.77091,34.60677,3],[133.77075,34.60813,3],[133.77073,34.60908,3],[133.77077,34.60908,3],[133.77076,34.60931,3],[133.77072,34.60931,3],[133.77068,34.6116,4],[133.77053,34.61201,4],[133.77006,34.61249,4],[133.76992,34.61278,4],[133.76907,34.61331,4],[133.76996,34.61374,3],[133.77052,34.61597,4],[133.77065,34.61627,4],[133.77121,34.61709,4],[133.77377,34.61979,5],[133.77472,34.62021,5],[133.7752,34.62051,5],[133.77549,34.62059,4],[133.77669,34.62077,4],[133.77696,34.62091,4],[133.77574,34.62631,3],[133.77592,34.63258,12],[133.77588,34.63299,13],[133.77543,34.63436,18],[133.77476,34.63613,30],[133.77469,34.63664,33],[133.77473,34.63687,35],[133.77487,34.6372,37],[133.77552,34.63802,40],[133.77574,34.63844,41],[133.77687,34.64348,56],[133.77721,34.64476,56],[133.77887,34.64982,33],[133.77921,34.65057,31],[133.78005,34.65193,28],[133.78021,34.65249,26],[133.78025,34.65289,26],[133.78021,34.65328,25],[133.78003,34.65379,23],[133.77958,34.65444,19],[133.77905,34.65494,18],[133.77753,34.65607,16],[133.77697,34.65656,15],[133.77643,34.65717,14],[133.77595,34.65794,13],[133.77559,34.6588,12],[133.7746,34.66189,11],[133.77367,34.66435,11],[133.77347,34.66473,10],[133.77319,34.66549,11],[133.77324,34.6655,11],[133.7726,34.66718,10],[133.77256,34.66716,10],[133.77151,34.66982,9],[133.77121,34.67081,14],[133.77096,34.67238,15],[133.77065,34.68052,11],[133.76927,34.68454,11],[133.76923,34.68453,11],[133.76882,34.68574,11],[133.76886,34.68583,11],[133.76735,34.69024,12],[133.76732,34.6907,13],[133.7674,34.69113,14],[133.76717,34.69198,17],[133.76705,34.6937,14],[133.7669,34.69402,14],[133.7681,34.69464,14],[133.77018,34.6956,14],[133.76921,34.69685,16],[133.76875,34.69767,18],[133.76649,34.69895,21],[133.76546,34.6994,22],[133.76411,34.69968,24],[133.76348,34.69989,25],[133.76306,34.70008,26],[133.76268,34.70039,30],[133.7619,34.70066,36],[133.76116,34.70086,36],[133.75944,34.70123,38],[133.75916,34.70134,38],[133.75865,34.70168,40],[133.75805,34.70179,43],[133.75865,34.70168,41],[133.75925,34.70129,40],[133.76047,34.70101,37],[133.75925,34.70129,40],[133.75865,34.70168,41],[133.75797,34.70181,44],[133.7572,34.70207,49],[133.75656,34.70222,46],[133.75602,34.70245,47],[133.75541,34.70257,49],[133.75521,34.70273,50],[133.75496,34.70321,52],[133.75465,34.7035,54],[133.75446,34.70434,57],[133.75427,34.70479,60],[133.75439,34.70513,61],[133.75418,34.70545,62],[133.75415,34.70563,64],[133.7547,34.70701,83],[133.75505,34.70734,88],[133.75548,34.70753,89],[133.75579,34.70787,88],[133.75629,34.70808,88],[133.75672,34.70819,89],[133.75687,34.7083,90],[133.75737,34.70916,98],[133.75793,34.7099,108],[133.75801,34.71032,112],[133.75806,34.71115,116],[133.75817,34.71145,119],[133.75814,34.71166,119],[133.75821,34.71214,123],[133.75835,34.7124,127],[133.75848,34.71293,134],[133.75861,34.71319,137],[133.75863,34.71349,142],[133.75883,34.71376,147],[133.75882,34.71401,147],[133.75901,34.71443,150],[133.75878,34.71499,156],[133.75842,34.71527,161],[133.75801,34.71576,172],[133.75795,34.71597,174],[133.75732,34.71667,189],[133.75695,34.71729,202],[133.75668,34.71804,220],[133.7565,34.71886,238],[133.75664,34.71909,243],[133.75664,34.71919,245],[133.75644,34.71934,250],[133.75631,34.71962,255],[133.75552,34.72005,268],[133.75499,34.72025,278],[133.75474,34.72041,282],[133.75462,34.72068,288],[133.75463,34.7214,297],[133.75489,34.72163,298],[133.75506,34.72211,301],[133.75523,34.72218,303],[133.75557,34.72217,305],[133.7557,34.72222,307],[133.75623,34.72275,314],[133.7563,34.72308,319],[133.75645,34.72342,324],[133.75652,34.72386,329],[133.75717,34.72457,337],[133.75786,34.72492,344],[133.75828,34.72551,353],[133.7586,34.72582,357],[133.75873,34.72603,357],[133.75914,34.72593,355],[133.7594,34.72612,354]]]},"properties":{"id":"rwgps-52616929","name":"BRM426 近畿200km 総社・せとうち巡りクラシック","group":"Setouchi routes","source":"RideWithGPS","distance_km":202.4,"elev_up_m":533,"profile":[[0.0,37],[5.12,14],[10.82,11],[16.03,18],[19.57,16],[23.39,37],[28.9,22],[34.72,31],[39.13,39],[45.67,19],[49.92,9],[54.29,6],[56.37,5],[60.66,11],[65.54,4],[71.57,12],[75.84,2],[79.68,3],[82.42,3],[84.78,2],[87.95,3],[91.08,30],[94.46,3],[97.26,3],[99.39,4],[101.39,14],[103.6,2],[106.6,3],[109.91,30],[114.41,3],[118.45,29],[122.81,2],[127.8,7],[136.27,0],[144.37,6],[147.73,3],[151.54,3],[154.73,2],[158.1,3],[161.32,9],[163.32,4],[167.17,1],[170.52,2],[174.08,8],[178.13,1],[183.17,3],[187.37,4],[192.77,16],[198.66,37],[201.01,138],[202.8,356],[202.85,354]],"rwgps_url":"https://ridewithgps.com/routes/52616929","elev_src":"source"}},{"type":"Feature","geometry":{"type":"MultiLineString","coordinates":[[[132.68071,34.21653],[132.68074,34.2164],[132.68089,34.2162],[132.68164,34.21557],[132.68289,34.21487],[132.68324,34.21457],[132.68348,34.21424],[132.68363,34.21381],[132.68361,34.21316],[132.68333,34.21248],[132.68334,34.21237],[132.68308,34.21195],[132.68297,34.21189],[132.68214,34.21094],[132.6812,34.2095],[132.67725,34.20325],[132.67546,34.20013],[132.67513,34.19943],[132.6749,34.19874],[132.67472,34.19768],[132.67465,34.19639],[132.67454,34.19614],[132.6744,34.19599],[132.67495,34.19571],[132.67637,34.19416],[132.67666,34.19402],[132.67738,34.19395],[132.6781,34.19374],[132.67934,34.19266],[132.68107,34.1927],[132.68158,34.19279],[132.68233,34.19268],[132.68253,34.19257],[132.68268,34.19238],[132.68276,34.19207],[132.68281,34.1912],[132.68291,34.19068],[132.68314,34.19034],[132.68387,34.18989],[132.68403,34.18964],[132.68406,34.18938],[132.68402,34.18898],[132.68422,34.18831],[132.68417,34.18802],[132.6837,34.18743],[132.68349,34.187],[132.68252,34.18596],[132.68208,34.18528],[132.68062,34.18422],[132.67904,34.18171],[132.6785,34.18167],[132.67804,34.1818],[132.67774,34.18183],[132.67674,34.18164],[132.676,34.18173],[132.67564,34.18166],[132.67509,34.18143],[132.67406,34.18113],[132.67309,34.18079],[132.67275,34.18056],[132.67239,34.18047],[132.67232,34.18037],[132.67232,34.18026],[132.67256,34.1798],[132.67249,34.17968],[132.67209,34.17944],[132.67192,34.17947],[132.67132,34.17973],[132.67113,34.17986],[132.67092,34.18016],[132.67074,34.18016],[132.6706,34.18009],[132.66973,34.17938],[132.66895,34.17797],[132.66834,34.17781],[132.6674,34.17765],[132.66701,34.17755],[132.66684,34.17744],[132.66681,34.17718],[132.66697,34.17666],[132.6667,34.17624],[132.66664,34.17605],[132.66663,34.17563],[132.66681,34.17525],[132.66677,34.17512],[132.66662,34.1751],[132.66651,34.17518],[132.66622,34.17613],[132.66596,34.17626],[132.66576,34.17622],[132.66523,34.17571],[132.66507,34.17549],[132.665,34.17523],[132.6648,34.17505],[132.66447,34.17485],[132.66401,34.17425],[132.66311,34.17371],[132.66401,34.17425],[132.66447,34.17485],[132.6648,34.17505],[132.665,34.17523],[132.66507,34.17549],[132.66523,34.17571],[132.66576,34.17622],[132.66596,34.17626],[132.66622,34.17613],[132.66651,34.17518],[132.66662,34.1751],[132.66677,34.17512],[132.66681,34.17525],[132.66663,34.17563],[132.66664,34.17605],[132.6667,34.17624],[132.66697,34.17666],[132.66681,34.17718],[132.66684,34.17744],[132.66701,34.17755],[132.6674,34.17765],[132.66834,34.17781],[132.66895,34.17797],[132.66973,34.17938],[132.6706,34.18009],[132.67074,34.18016],[132.67092,34.18016],[132.67113,34.17986],[132.67132,34.17973],[132.67192,34.17947],[132.67209,34.17944],[132.67249,34.17968],[132.67256,34.1798],[132.67232,34.18026],[132.67232,34.18037],[132.67239,34.18047],[132.67275,34.18056],[132.67309,34.18079],[132.67406,34.18113],[132.67509,34.18143],[132.67564,34.18166],[132.676,34.18173],[132.67674,34.18164],[132.67774,34.18183],[132.67804,34.1818],[132.6785,34.18167],[132.67904,34.18171],[132.67902,34.18115],[132.67842,34.18011],[132.67824,34.17948],[132.67802,34.17899],[132.67632,34.17765],[132.67601,34.17724],[132.67598,34.17688],[132.67634,34.1758],[132.67628,34.17538],[132.676,34.1749],[132.67554,34.17453],[132.6746,34.17416],[132.67433,34.17399],[132.6742,34.17384],[132.67399,34.17317],[132.67384,34.17299],[132.67363,34.17287],[132.67337,34.17282],[132.67308,34.17285],[132.67293,34.17293],[132.67278,34.17312],[132.67256,34.17326],[132.67147,34.17346],[132.67083,34.17343],[132.6701,34.17304],[132.66956,34.17216],[132.66941,34.17196],[132.66922,34.17183],[132.66843,34.17167],[132.66767,34.17142],[132.66731,34.17136],[132.66644,34.17155],[132.66528,34.17172],[132.66447,34.17219],[132.66388,34.17267],[132.66347,34.17335],[132.6633,34.17354],[132.66234,34.17438],[132.66171,34.17482],[132.66035,34.17555],[132.65843,34.17633],[132.65761,34.17657],[132.65738,34.17657],[132.65694,34.17646],[132.65593,34.17608],[132.65483,34.17537],[132.65469,34.17519],[132.65468,34.17454],[132.65458,34.17431],[132.65431,34.17414],[132.65367,34.17387],[132.65283,34.17331],[132.65239,34.17317],[132.65205,34.173],[132.65191,34.17286],[132.6515,34.17221],[132.65081,34.17154],[132.65061,34.17087],[132.65041,34.17071],[132.65022,34.17071],[132.6496,34.17103],[132.64933,34.17111],[132.6492,34.1711],[132.64865,34.17088],[132.64813,34.17086],[132.64745,34.17077],[132.64716,34.17081],[132.64645,34.17118],[132.64628,34.17122],[132.64501,34.17104],[132.64473,34.17111],[132.64462,34.17121],[132.64457,34.17142],[132.64477,34.17181],[132.6448,34.172],[132.64452,34.17249],[132.64449,34.17272],[132.64479,34.17314],[132.64554,34.17371],[132.64607,34.17467],[132.64628,34.17516],[132.64663,34.17561],[132.64691,34.17644],[132.64722,34.17698],[132.64715,34.17751],[132.64741,34.17802],[132.64752,34.17856],[132.64777,34.17892],[132.64825,34.17935],[132.64861,34.17978],[132.64899,34.18065],[132.64899,34.18111],[132.64887,34.18175],[132.64846,34.18294],[132.6483,34.18403],[132.64838,34.18429],[132.64866,34.18471],[132.64879,34.18546],[132.64911,34.18604],[132.64926,34.1874],[132.64937,34.18761],[132.65054,34.1891],[132.65085,34.18997],[132.65103,34.19025],[132.65305,34.19224],[132.65385,34.19286],[132.65408,34.19312],[132.65422,34.19343],[132.65437,34.19417],[132.65448,34.19435],[132.65469,34.19452],[132.65559,34.19484],[132.65577,34.19496],[132.65594,34.1952],[132.65604,34.19573],[132.65613,34.19592],[132.65643,34.19617],[132.65664,34.19623],[132.65695,34.19624],[132.65803,34.1961],[132.65829,34.19613],[132.65857,34.19623],[132.65884,34.19643],[132.65896,34.19659],[132.65931,34.19747],[132.65964,34.19771],[132.65996,34.19775],[132.66029,34.19766],[132.66049,34.19751],[132.66096,34.19697],[132.66152,34.19668],[132.66217,34.1966],[132.66255,34.19665],[132.66293,34.19679],[132.66317,34.19694],[132.66372,34.19742],[132.66441,34.19785],[132.66456,34.19802],[132.66465,34.19833],[132.66447,34.19895],[132.66444,34.19926],[132.66459,34.19952],[132.66476,34.19964],[132.66499,34.19972],[132.66603,34.2],[132.66676,34.20034],[132.66709,34.20039],[132.66742,34.20028],[132.66813,34.19948],[132.66836,34.19932],[132.66858,34.19925],[132.66879,34.19925],[132.66902,34.19931],[132.66954,34.19965],[132.66974,34.19991],[132.67022,34.20097],[132.67068,34.20222],[132.67092,34.2027],[132.67153,34.20315],[132.67174,34.20323],[132.67208,34.20328],[132.6724,34.20324],[132.67317,34.20295],[132.67396,34.20284],[132.6744,34.2026],[132.6749,34.20221],[132.67507,34.20216],[132.67543,34.20214],[132.67563,34.20221],[132.6758,34.20235],[132.67622,34.20291],[132.67639,34.20302],[132.67664,34.20308],[132.67687,34.20306],[132.67724,34.20285],[132.6774,34.20245],[132.6774,34.20229],[132.677,34.20141],[132.67626,34.20028],[132.67604,34.19946],[132.67562,34.19909],[132.67544,34.19887],[132.67522,34.19819],[132.675,34.1977],[132.67498,34.19751],[132.67505,34.19713],[132.67501,34.19694],[132.67489,34.19684],[132.67469,34.19679],[132.67465,34.19639],[132.67454,34.19614],[132.67435,34.19594],[132.67382,34.19554],[132.67353,34.19515],[132.6734,34.19466],[132.67349,34.19424],[132.67365,34.19395],[132.67511,34.19215],[132.67533,34.19196],[132.67553,34.19185],[132.67578,34.19178],[132.67692,34.19176],[132.67742,34.19185],[132.67934,34.19266],[132.67954,34.19236],[132.67967,34.1923],[132.68022,34.19237],[132.6807,34.19236],[132.6819,34.19211],[132.68205,34.19203],[132.68213,34.19183],[132.68185,34.19117],[132.68167,34.19101],[132.68109,34.19071],[132.68101,34.19061],[132.68099,34.19046],[132.68105,34.19035],[132.68144,34.19015],[132.68157,34.19001],[132.68159,34.18983],[132.68153,34.1895],[132.6816,34.18936],[132.68182,34.18926],[132.6824,34.18912],[132.68266,34.18895],[132.68277,34.18874],[132.68282,34.18815],[132.68311,34.18775],[132.68314,34.18763],[132.68298,34.18739],[132.68236,34.18709],[132.68263,34.18681],[132.68265,34.1866],[132.68255,34.18642],[132.68221,34.18615],[132.68203,34.18569],[132.68184,34.18543],[132.68184,34.18528],[132.68196,34.18517],[132.68183,34.1853],[132.68184,34.18543],[132.68203,34.18569],[132.68221,34.18615],[132.68255,34.18642],[132.68265,34.1866],[132.68263,34.18681],[132.68236,34.18709],[132.68201,34.18683],[132.68184,34.18651],[132.68186,34.18632],[132.68209,34.186],[132.68297,34.18547],[132.68568,34.18404],[132.68663,34.18361],[132.68699,34.18354],[132.68728,34.18357],[132.68746,34.18366],[132.68791,34.1841],[132.68821,34.18422],[132.68924,34.18421],[132.69014,34.18441],[132.69048,34.18439],[132.69116,34.18416],[132.69246,34.18397],[132.69276,34.18388],[132.69283,34.1841],[132.69277,34.18485],[132.69281,34.18519],[132.69263,34.18567],[132.69249,34.1858],[132.69213,34.18599],[132.69184,34.18642],[132.69166,34.18656],[132.69095,34.18683],[132.69091,34.18691],[132.69092,34.18721],[132.69077,34.18751],[132.69053,34.18761],[132.68959,34.18778],[132.68902,34.18823],[132.68796,34.18866],[132.68774,34.18878],[132.68767,34.18887],[132.68767,34.189],[132.68783,34.18934],[132.68839,34.19019],[132.68838,34.19116],[132.68847,34.19204],[132.68838,34.19225],[132.6877,34.19278],[132.68706,34.19472],[132.6863,34.19524],[132.68618,34.19538],[132.68647,34.1962],[132.68659,34.19631],[132.68696,34.19634],[132.68737,34.19646],[132.68868,34.19627],[132.68944,34.19642],[132.68952,34.19647],[132.68978,34.19687],[132.69052,34.19776],[132.691,34.19886],[132.6911,34.19924],[132.69185,34.1998],[132.6922,34.20017],[132.69245,34.2006],[132.69324,34.20156],[132.69352,34.20164],[132.69438,34.20176],[132.695,34.2018],[132.69535,34.20193],[132.69578,34.20214],[132.69598,34.20232],[132.69724,34.20272],[132.69781,34.20303],[132.6985,34.20367],[132.69865,34.20387],[132.69932,34.20403],[132.69963,34.20404],[132.70015,34.20424],[132.70056,34.20425],[132.70131,34.204],[132.70166,34.20394],[132.702,34.20394],[132.70299,34.20415],[132.70367,34.20418],[132.70477,34.20402],[132.70595,34.20376],[132.70638,34.20371],[132.70719,34.20375],[132.70781,34.20395],[132.70834,34.2042],[132.70876,34.20434],[132.70925,34.20444],[132.70978,34.20443],[132.71102,34.20423],[132.71156,34.20396],[132.71216,34.20358],[132.71264,34.20319],[132.71363,34.20252],[132.71416,34.20201],[132.71511,34.20124],[132.71578,34.20094],[132.71627,34.20057],[132.7173,34.2001],[132.71788,34.1995],[132.71823,34.19924],[132.71864,34.19847],[132.71878,34.19833],[132.71972,34.19771],[132.72018,34.19753],[132.72069,34.19725],[132.72141,34.19663],[132.72165,34.19651],[132.72188,34.19651],[132.72225,34.19659],[132.72589,34.19757],[132.72643,34.19761],[132.72707,34.19747],[132.72713,34.1976],[132.72709,34.19773],[132.72645,34.19898],[132.72621,34.19934],[132.72571,34.19981],[132.72527,34.20008],[132.72499,34.20017],[132.72472,34.20019],[132.72444,34.20012],[132.72393,34.19982],[132.72342,34.19963],[132.72332,34.19953],[132.72333,34.19885],[132.72347,34.19823],[132.72371,34.19772],[132.72372,34.19724],[132.72347,34.19699],[132.72363,34.19648],[132.72366,34.19613],[132.7235,34.19518],[132.72342,34.19506],[132.72289,34.19461],[132.72273,34.19433],[132.72241,34.19266],[132.72232,34.19246],[132.72212,34.19228],[132.7213,34.19184],[132.72055,34.19172],[132.72029,34.19161],[132.71862,34.18982],[132.71815,34.18918],[132.71765,34.18823],[132.71738,34.18711],[132.71597,34.18315],[132.71571,34.18229],[132.71545,34.18115],[132.71536,34.18097],[132.71521,34.18081],[132.71502,34.18071],[132.7148,34.18066],[132.71456,34.18067],[132.71406,34.18085],[132.71268,34.18147],[132.71252,34.18146],[132.71225,34.18133],[132.71219,34.18119],[132.71226,34.18107],[132.71219,34.18119],[132.71225,34.18133],[132.71252,34.18146],[132.71268,34.18147],[132.71406,34.18085],[132.71456,34.18067],[132.7148,34.18066],[132.71502,34.18071],[132.71521,34.18081],[132.71536,34.18097],[132.71545,34.18115],[132.71571,34.18229],[132.71597,34.18315],[132.71738,34.18711],[132.71765,34.18823],[132.71815,34.18918],[132.71862,34.18982],[132.72029,34.19161],[132.72055,34.19172],[132.72097,34.19176],[132.72139,34.19188],[132.72212,34.19228],[132.72232,34.19246],[132.72239,34.1926],[132.72273,34.19433],[132.72255,34.19437],[132.72225,34.19463],[132.72215,34.19466],[132.72205,34.19496],[132.72192,34.19514],[132.7219,34.19562],[132.7215,34.19643],[132.72148,34.19658],[132.7215,34.19643],[132.7219,34.19562],[132.72192,34.19514],[132.72205,34.19496],[132.72215,34.19466],[132.72225,34.19463],[132.72255,34.19437],[132.72273,34.19433],[132.72289,34.19461],[132.72342,34.19506],[132.7235,34.19518],[132.72366,34.19613],[132.72363,34.19648],[132.72347,34.19699],[132.72372,34.19724],[132.72371,34.19772],[132.72347,34.19823],[132.72333,34.19885],[132.72332,34.19953],[132.72342,34.19963],[132.72393,34.19982],[132.72458,34.20017],[132.72499,34.20017],[132.72527,34.20008],[132.72571,34.19981],[132.72621,34.19934],[132.72645,34.19898],[132.72709,34.19773],[132.72713,34.1976],[132.72707,34.19747],[132.7276,34.19725],[132.72814,34.19713],[132.72923,34.19721],[132.73146,34.19704],[132.73252,34.19679],[132.73285,34.19682],[132.73352,34.19717],[132.73383,34.1972],[132.73415,34.19712],[132.73524,34.19651],[132.73593,34.19621],[132.73657,34.19587],[132.73676,34.19586],[132.7369,34.19591],[132.73748,34.19623],[132.73767,34.19629],[132.73938,34.19593],[132.74006,34.19593],[132.74021,34.19587],[132.74066,34.19547],[132.74166,34.19484],[132.74283,34.19397],[132.74408,34.19324],[132.74447,34.19308],[132.74483,34.19304],[132.74587,34.19318],[132.74719,34.19297],[132.74817,34.19301],[132.74841,34.19308],[132.7499,34.19391],[132.75066,34.19417],[132.75171,34.19424],[132.75241,34.19413],[132.75326,34.19433],[132.75348,34.19434],[132.75427,34.19422],[132.75638,34.19347],[132.75686,34.19346],[132.7572,34.19351],[132.75749,34.19347],[132.75838,34.19307],[132.75876,34.19278],[132.75944,34.19205],[132.75962,34.19164],[132.75976,34.19084],[132.75968,34.19039],[132.75921,34.18978],[132.7591,34.18956],[132.75894,34.18859],[132.75857,34.18793],[132.75842,34.18773],[132.75828,34.18763],[132.75806,34.18758],[132.75697,34.18768],[132.75669,34.18757],[132.75648,34.18735],[132.75635,34.18713],[132.75628,34.18679],[132.75642,34.18576],[132.75631,34.18529],[132.75623,34.18515],[132.75602,34.18497],[132.75526,34.18464],[132.7549,34.18418],[132.75451,34.18326],[132.75417,34.18287],[132.75392,34.18163],[132.75346,34.181],[132.75325,34.18052],[132.75288,34.18009],[132.75277,34.1795],[132.75267,34.17941],[132.75227,34.17924],[132.75201,34.17898],[132.75156,34.17867],[132.75076,34.1783],[132.74994,34.17757],[132.74952,34.1773],[132.74746,34.17627],[132.74491,34.17509],[132.74475,34.17498],[132.74472,34.17486],[132.74475,34.17498],[132.74491,34.17509],[132.74851,34.17679],[132.74682,34.17746],[132.74672,34.17762],[132.74682,34.17807],[132.74668,34.17823],[132.74525,34.1786],[132.74504,34.17871],[132.74443,34.17936],[132.74346,34.18009],[132.74337,34.18028],[132.74344,34.18052],[132.74367,34.18083],[132.74457,34.18123],[132.7447,34.18137],[132.74485,34.1817],[132.74504,34.18183],[132.74701,34.18186],[132.74896,34.18272],[132.7492,34.18294],[132.74941,34.18329],[132.74996,34.18379],[132.7502,34.18419],[132.75029,34.18457],[132.75027,34.18487],[132.75003,34.18542],[132.74968,34.18573],[132.74727,34.18729],[132.74659,34.18766],[132.74509,34.18808],[132.74262,34.18913],[132.74237,34.18917],[132.74142,34.18914],[132.74125,34.1892],[132.7411,34.18939],[132.74097,34.19007],[132.74088,34.19024],[132.7407,34.19041],[132.73983,34.19102],[132.73829,34.19147],[132.73791,34.19148],[132.73772,34.19138],[132.7369,34.1906],[132.73666,34.19055],[132.73607,34.19077],[132.73591,34.19088],[132.73582,34.19112],[132.73574,34.1916],[132.7355,34.19182],[132.73265,34.19223],[132.73225,34.19233],[132.73212,34.19247],[132.73204,34.1927],[132.73236,34.19476],[132.73235,34.19491],[132.73225,34.19506],[132.73208,34.19512],[132.73162,34.19504],[132.73144,34.19506],[132.73087,34.1953],[132.73063,34.19534],[132.7303,34.19532],[132.72985,34.19518],[132.72957,34.19514],[132.72928,34.19521],[132.72892,34.1955],[132.72849,34.19629],[132.72834,34.19646],[132.72802,34.19663],[132.72745,34.19673],[132.72716,34.1969],[132.72646,34.19781],[132.7264,34.19795],[132.72642,34.19806],[132.72676,34.19834],[132.72642,34.19806],[132.7264,34.19795],[132.72646,34.19781],[132.7271,34.19697],[132.72737,34.19676],[132.72802,34.19663],[132.72834,34.19646],[132.72849,34.19629],[132.72892,34.1955],[132.72928,34.19521],[132.72957,34.19514],[132.72985,34.19518],[132.7303,34.19532],[132.73063,34.19534],[132.73087,34.1953],[132.73144,34.19506],[132.73162,34.19504],[132.73196,34.19512],[132.73216,34.19511],[132.73225,34.19506],[132.73235,34.19491],[132.73236,34.19476],[132.73204,34.19273],[132.73206,34.19258],[132.73225,34.19233],[132.73265,34.19223],[132.7355,34.19182],[132.73574,34.1916],[132.73582,34.19112],[132.73591,34.19088],[132.73607,34.19077],[132.73666,34.19055],[132.7369,34.1906],[132.73772,34.19138],[132.73791,34.19148],[132.73829,34.19147],[132.73983,34.19102],[132.7407,34.19041],[132.74088,34.19024],[132.74097,34.19007],[132.7411,34.18939],[132.74125,34.1892],[132.74142,34.18914],[132.74237,34.18917],[132.74262,34.18913],[132.74509,34.18808],[132.74659,34.18766],[132.74746,34.18717],[132.74992,34.18555],[132.75024,34.185],[132.75029,34.18457],[132.75023,34.18427],[132.74996,34.18379],[132.74941,34.18329],[132.7492,34.18294],[132.74905,34.18279],[132.74875,34.18261],[132.74701,34.18186],[132.74525,34.18186],[132.74499,34.18181],[132.74485,34.1817],[132.74463,34.18128],[132.74446,34.18116],[132.74367,34.18083],[132.74341,34.18044],[132.74337,34.18028],[132.74346,34.18009],[132.74443,34.17936],[132.74504,34.17871],[132.74525,34.1786],[132.74653,34.17829],[132.74675,34.17818],[132.74682,34.17797],[132.74672,34.17762],[132.74678,34.1775],[132.74689,34.17742],[132.74851,34.17679],[132.74982,34.17748],[132.75076,34.1783],[132.75156,34.17867],[132.75201,34.17898],[132.75227,34.17924],[132.75267,34.17941],[132.75277,34.1795],[132.75287,34.18007],[132.75325,34.18052],[132.75346,34.181],[132.7539,34.18159],[132.75398,34.18197],[132.75459,34.18156],[132.75589,34.18045],[132.75601,34.1804],[132.75647,34.18066],[132.75685,34.1807],[132.75765,34.18113],[132.75786,34.18136],[132.7579,34.18162],[132.7589,34.18195],[132.75982,34.18199],[132.76116,34.1822],[132.76158,34.1822],[132.76206,34.18218],[132.76262,34.18198],[132.76384,34.18183],[132.7644,34.18189],[132.76449,34.18182],[132.7645,34.18152],[132.76475,34.18104],[132.76474,34.18094],[132.76459,34.18072],[132.76471,34.18032],[132.76475,34.17997],[132.76495,34.17949],[132.76519,34.17935],[132.76536,34.1786],[132.7653,34.17842],[132.76531,34.17784],[132.76538,34.17761],[132.76532,34.17707],[132.76453,34.17567],[132.76441,34.17528],[132.76393,34.1746],[132.76368,34.17438],[132.76321,34.17413],[132.76298,34.17393],[132.76274,34.17324],[132.76281,34.17299],[132.76278,34.17292],[132.76193,34.17285],[132.76126,34.17269],[132.76094,34.17254],[132.76085,34.17233],[132.76072,34.17222],[132.76016,34.17218],[132.76008,34.17213],[132.76004,34.172],[132.76018,34.17151],[132.7604,34.17131],[132.76044,34.17121],[132.7601,34.17095],[132.7601,34.17073],[132.75981,34.1703],[132.75967,34.16997],[132.75976,34.16935],[132.75975,34.16913],[132.7596,34.16855],[132.75965,34.16819],[132.75962,34.16806],[132.75921,34.16799],[132.75901,34.1679],[132.75894,34.16784],[132.75889,34.1676],[132.75879,34.16753],[132.75838,34.16754],[132.75759,34.16748],[132.7573,34.16721],[132.75673,34.16702],[132.75651,34.16659],[132.75586,34.16645],[132.75558,34.16612],[132.75514,34.16585],[132.75461,34.16439],[132.75431,34.16413],[132.75419,34.1641],[132.75339,34.16426],[132.75269,34.16428],[132.7525,34.16421],[132.75235,34.16409],[132.75169,34.1632],[132.75151,34.16315],[132.7511,34.16343],[132.75079,34.16353],[132.75063,34.16352],[132.74974,34.16313],[132.74899,34.16293],[132.7489,34.1628],[132.74888,34.16244],[132.74881,34.16232],[132.74863,34.16224],[132.74828,34.16223],[132.74812,34.16231],[132.74806,34.1628],[132.74654,34.16349],[132.74636,34.16364],[132.74622,34.16426],[132.74647,34.16542],[132.74637,34.16564],[132.7461,34.16582],[132.74447,34.16629],[132.74383,34.16666],[132.74373,34.16677],[132.74355,34.16665],[132.74304,34.16572],[132.74273,34.16547],[132.74236,34.16544],[132.7412,34.16578],[132.74093,34.16541],[132.74056,34.1656],[132.74073,34.16586],[132.74084,34.16591],[132.74218,34.16548],[132.74236,34.16544],[132.74273,34.16547],[132.74304,34.16572],[132.74355,34.16665],[132.74373,34.16677],[132.74373,34.16701],[132.74391,34.16749],[132.7439,34.1677],[132.74382,34.16791],[132.74344,34.16865],[132.74258,34.16984],[132.74235,34.17005],[132.74192,34.17029],[132.741,34.17134],[132.74092,34.17155],[132.74093,34.17175],[132.74098,34.17192],[132.74137,34.17255],[132.74141,34.17275],[132.74071,34.17381],[132.74013,34.17357],[132.73936,34.17337],[132.73901,34.17341],[132.73807,34.17365],[132.7377,34.17364],[132.73692,34.17329],[132.73663,34.17322],[132.73636,34.17325],[132.7357,34.1735],[132.73543,34.17352],[132.73514,34.17343],[132.73458,34.17309],[132.73415,34.173],[132.73271,34.17302],[132.73168,34.17329],[132.73078,34.17339],[132.7296,34.17375],[132.72912,34.17377],[132.72863,34.17367],[132.72591,34.1727],[132.72478,34.17244],[132.72396,34.17239],[132.72125,34.17237],[132.72036,34.17224],[132.71958,34.17207],[132.71911,34.17208],[132.71873,34.1722],[132.71856,34.1723],[132.71776,34.17291],[132.7172,34.1734],[132.71666,34.17408],[132.71634,34.17471],[132.71609,34.17548],[132.7159,34.17736],[132.71536,34.17949],[132.71527,34.17967],[132.71504,34.17993],[132.71385,34.18081],[132.7136,34.18094],[132.71279,34.18118],[132.71226,34.18107],[132.71134,34.18078],[132.71005,34.18092],[132.7095,34.18094],[132.70906,34.18088],[132.70683,34.18013],[132.7055,34.17985],[132.70501,34.17955],[132.70466,34.17942],[132.70377,34.17935],[132.70168,34.17954],[132.70068,34.17979],[132.69946,34.18034],[132.69822,34.18071],[132.69692,34.18084],[132.69642,34.18101],[132.6961,34.18127],[132.69546,34.18198],[132.69465,34.18235],[132.69412,34.18269],[132.69392,34.18285],[132.69332,34.18352],[132.69276,34.18388],[132.69332,34.18352],[132.69392,34.18285],[132.69412,34.18269],[132.69465,34.18235],[132.69546,34.18198],[132.6961,34.18127],[132.69642,34.18101],[132.69692,34.18084],[132.69822,34.18071],[132.69946,34.18034],[132.70068,34.17979],[132.70168,34.17954],[132.70377,34.17935],[132.70466,34.17942],[132.70501,34.17955],[132.7055,34.17985],[132.70683,34.18013],[132.70906,34.18088],[132.7095,34.18094],[132.71005,34.18092],[132.71134,34.18078],[132.71226,34.18107],[132.71279,34.18118],[132.7136,34.18094],[132.71385,34.18081],[132.71504,34.17993],[132.71527,34.17967],[132.71536,34.17949],[132.7159,34.17736],[132.71609,34.17548],[132.71634,34.17471],[132.71666,34.17408],[132.7172,34.1734],[132.71776,34.17291],[132.71871,34.17221],[132.71923,34.17206],[132.71965,34.17208],[132.72036,34.17224],[132.72125,34.17237],[132.72396,34.17239],[132.72478,34.17244],[132.72591,34.1727],[132.72863,34.17367],[132.72912,34.17377],[132.7296,34.17375],[132.73078,34.17339],[132.73147,34.17333],[132.73236,34.17309],[132.73301,34.173],[132.73415,34.173],[132.73444,34.17304],[132.73514,34.17343],[132.73543,34.17352],[132.7357,34.1735],[132.73636,34.17325],[132.73658,34.17322],[132.73692,34.17329],[132.7375,34.17357],[132.73789,34.17366],[132.73831,34.1736],[132.73911,34.17339],[132.73945,34.17338],[132.74036,34.17365],[132.7411,34.17398],[132.74163,34.17411],[132.74289,34.17488],[132.7432,34.175],[132.74363,34.17504],[132.74496,34.17483],[132.74558,34.17484],[132.75446,34.17689],[132.75639,34.17723],[132.75804,34.17739],[132.7601,34.17743],[132.76227,34.17729],[132.77259,34.1758],[132.77313,34.17577],[132.77346,34.17582],[132.77374,34.1759],[132.77412,34.17608],[132.77453,34.17637],[132.77484,34.17673],[132.77532,34.17774],[132.77585,34.17849],[132.77651,34.17914],[132.77841,34.1806],[132.77882,34.18105],[132.77908,34.18158],[132.77918,34.18207],[132.77913,34.18271],[132.77895,34.18322],[132.77875,34.18314],[132.77851,34.18248],[132.77824,34.18198],[132.77735,34.18078],[132.77703,34.18061],[132.77609,34.18043],[132.77578,34.18032],[132.7756,34.1802],[132.7748,34.17952],[132.77428,34.17891],[132.77353,34.17838],[132.77295,34.17764],[132.77271,34.17746],[132.77177,34.17692],[132.77161,34.17678],[132.77147,34.17656],[132.77114,34.17477],[132.77082,34.17352],[132.77107,34.17256],[132.77114,34.17202],[132.77095,34.17144],[132.77102,34.17098],[132.77081,34.1704],[132.77084,34.17028],[132.77127,34.16958],[132.77153,34.16895],[132.7716,34.16857],[132.77165,34.16692],[132.77185,34.1662],[132.77177,34.16559],[132.77188,34.16502],[132.77162,34.16447],[132.7717,34.16388],[132.77142,34.16332],[132.77137,34.16311],[132.77153,34.16285],[132.77211,34.16253],[132.77257,34.16146],[132.77266,34.16133],[132.77279,34.16126],[132.77301,34.16126],[132.77338,34.16139],[132.77367,34.16144],[132.77693,34.1615],[132.77848,34.16136],[132.77929,34.16108],[132.77974,34.161],[132.78007,34.16096],[132.78083,34.16098],[132.78172,34.16082],[132.78254,34.16108],[132.7837,34.16183],[132.78465,34.16225],[132.78539,34.16241],[132.7861,34.16247],[132.78673,34.16245],[132.78705,34.16254],[132.78772,34.16298],[132.78828,34.16349],[132.7891,34.16402],[132.78948,34.16416],[132.79025,34.1642],[132.79057,34.16427],[132.79136,34.16466],[132.79176,34.16495],[132.79243,34.16555],[132.79393,34.16715],[132.79503,34.16816],[132.79562,34.16889],[132.79571,34.16925],[132.796,34.16969],[132.79653,34.17021],[132.79697,34.17074],[132.79704,34.17091],[132.79685,34.17096],[132.79675,34.17108],[132.79685,34.17153],[132.79714,34.17189],[132.79745,34.17211],[132.79728,34.17202],[132.79699,34.17174],[132.79679,34.17139],[132.79676,34.17105],[132.79685,34.17096],[132.79704,34.17091],[132.79714,34.17127],[132.79727,34.17148],[132.79781,34.17204],[132.79788,34.17227],[132.79795,34.17301],[132.79827,34.17358],[132.7984,34.17416],[132.79864,34.17455],[132.7991,34.17498],[132.79927,34.17524],[132.7993,34.17544],[132.79838,34.17736],[132.79783,34.17875],[132.79762,34.17911],[132.79679,34.17972],[132.79644,34.18003],[132.79472,34.18183],[132.79443,34.18203],[132.79273,34.18294],[132.79221,34.18341],[132.79176,34.18374],[132.7915,34.18407],[132.7913,34.18444],[132.79081,34.18503],[132.79058,34.18567],[132.79037,34.18599],[132.78928,34.18696],[132.78881,34.18723],[132.78802,34.18755],[132.78755,34.18785],[132.78688,34.18863],[132.78661,34.18875],[132.78639,34.18872],[132.78444,34.18818],[132.7831,34.18802],[132.78135,34.18749],[132.78116,34.18732],[132.78065,34.18605],[132.78043,34.18575],[132.7798,34.18516],[132.77879,34.18471],[132.77856,34.18453],[132.77849,34.18435],[132.7785,34.18422],[132.77895,34.18322],[132.7785,34.18422],[132.77849,34.18435],[132.77856,34.18453],[132.77879,34.18471],[132.7798,34.18516],[132.78043,34.18575],[132.78065,34.18605],[132.78116,34.18732],[132.78132,34.18747],[132.7831,34.18802],[132.78429,34.18815],[132.78639,34.18872],[132.78654,34.18875],[132.78674,34.18872],[132.78696,34.18855],[132.78746,34.18794],[132.78776,34.1877],[132.78802,34.18755],[132.78881,34.18723],[132.7892,34.18701],[132.79007,34.18627],[132.79031,34.18637],[132.79056,34.18625],[132.79062,34.18612],[132.79058,34.18594],[132.79008,34.18518],[132.78971,34.18486],[132.78924,34.18457],[132.78898,34.18434],[132.78889,34.18411],[132.78893,34.18384],[132.78908,34.18366],[132.78985,34.18323],[132.79017,34.18295],[132.79043,34.18246],[132.79055,34.18176],[132.79089,34.18123],[132.79268,34.18004],[132.79371,34.17972],[132.79415,34.17934],[132.79442,34.17897],[132.79493,34.1777],[132.79541,34.17688],[132.79541,34.17672],[132.79535,34.1766],[132.79467,34.17593],[132.79462,34.17573],[132.79461,34.17515],[132.79412,34.17441],[132.79413,34.17422],[132.79423,34.174],[132.79482,34.17307],[132.79497,34.17295],[132.79518,34.17287],[132.79708,34.17276],[132.7973,34.17256],[132.79745,34.17211],[132.79782,34.17203],[132.80025,34.17173],[132.80358,34.17139],[132.80378,34.17141],[132.80394,34.17148],[132.80406,34.17171],[132.80399,34.1719],[132.80366,34.17227],[132.80364,34.1724],[132.80369,34.17251],[132.80385,34.17265],[132.80458,34.17309],[132.80469,34.17328],[132.80459,34.17352],[132.80483,34.17372],[132.80528,34.17422],[132.80603,34.17467],[132.80647,34.17517],[132.80671,34.17562],[132.80699,34.17681],[132.80731,34.17729],[132.80768,34.1776],[132.80846,34.1781],[132.80949,34.17856],[132.8099,34.17881],[132.81048,34.1793],[132.81129,34.17984],[132.81173,34.1804],[132.81194,34.18057],[132.81288,34.18098],[132.81362,34.18154],[132.81411,34.1818],[132.81464,34.18194],[132.81582,34.18203],[132.81719,34.18273],[132.81827,34.18294],[132.81865,34.18308],[132.81898,34.18336],[132.81965,34.18414],[132.81992,34.18488],[132.82012,34.18517],[132.82047,34.1854],[132.82131,34.18573],[132.82291,34.18687],[132.82326,34.18704],[132.82465,34.18714],[132.826,34.18714],[132.82734,34.18723],[132.82774,34.18714],[132.82793,34.18705],[132.82806,34.18693],[132.82826,34.18659],[132.82833,34.18638],[132.82835,34.18606],[132.82877,34.18603],[132.829,34.18597],[132.82918,34.18588],[132.82967,34.18547],[132.82996,34.18538],[132.83084,34.18536],[132.83125,34.18549],[132.83148,34.18522],[132.83136,34.18457],[132.83146,34.18451],[132.83144,34.18425],[132.83161,34.18409],[132.83195,34.18409],[132.83223,34.18416],[132.83231,34.18429],[132.83221,34.18439],[132.83208,34.18437],[132.83203,34.18429],[132.83206,34.18419],[132.83212,34.18416],[132.83256,34.18422],[132.83363,34.18404],[132.83465,34.18361],[132.83471,34.18343],[132.83451,34.18315],[132.83451,34.18302],[132.83458,34.18292],[132.83493,34.18279],[132.83517,34.18279],[132.83527,34.18283],[132.83572,34.18318],[132.83594,34.18328],[132.8367,34.1833],[132.83686,34.18325],[132.83694,34.18313],[132.83696,34.18277],[132.8369,34.18263],[132.83619,34.1819],[132.83601,34.18169],[132.83599,34.1816],[132.83611,34.18144],[132.83634,34.1814],[132.83649,34.18131],[132.83669,34.18104],[132.8371,34.1809],[132.8372,34.1808],[132.83717,34.18067],[132.83675,34.18023],[132.83703,34.17986],[132.83692,34.17938],[132.83728,34.17912],[132.83727,34.17901],[132.83705,34.17883],[132.83709,34.1787],[132.83705,34.17857],[132.83687,34.17843],[132.83685,34.17834],[132.83732,34.17799],[132.83739,34.17768],[132.83727,34.17752],[132.83693,34.17731],[132.83658,34.177],[132.83637,34.17626],[132.83602,34.17572],[132.8358,34.17497],[132.83613,34.17407],[132.8362,34.17378],[132.83622,34.17332],[132.83686,34.17207],[132.83689,34.17174],[132.83684,34.17153],[132.83709,34.16863],[132.83711,34.16713],[132.83721,34.16685],[132.83713,34.16647],[132.83714,34.16601],[132.83707,34.16588],[132.83636,34.16592],[132.83627,34.1659],[132.83621,34.16583],[132.83624,34.1657],[132.83681,34.16486],[132.83677,34.1647],[132.83666,34.16465],[132.8364,34.16465],[132.83543,34.16472],[132.83529,34.16466],[132.83526,34.16455],[132.83544,34.16429],[132.83578,34.16399],[132.83589,34.16366],[132.8367,34.16333],[132.83673,34.16321],[132.83638,34.16283],[132.83635,34.16262],[132.83646,34.16249],[132.83693,34.16233],[132.83714,34.16211],[132.83715,34.16199],[132.83698,34.16175],[132.83702,34.16159],[132.83729,34.16141],[132.83736,34.16114],[132.83778,34.161],[132.83781,34.16091],[132.83773,34.16063],[132.83779,34.1605],[132.83789,34.16041],[132.83823,34.1603],[132.83829,34.16024],[132.83831,34.15991],[132.83838,34.15981],[132.83881,34.15961],[132.83907,34.15932],[132.83937,34.1593],[132.83907,34.15932],[132.83881,34.15961],[132.83838,34.15981],[132.83831,34.15991],[132.83829,34.16024],[132.83823,34.1603],[132.83789,34.16041],[132.83779,34.1605],[132.83773,34.16063],[132.83781,34.16091],[132.83778,34.161],[132.83736,34.16114],[132.83729,34.16141],[132.83702,34.16159],[132.83698,34.16175],[132.83715,34.16199],[132.83714,34.16211],[132.83693,34.16233],[132.83646,34.16249],[132.83635,34.16262],[132.83638,34.16283],[132.83673,34.16321],[132.8367,34.16333],[132.83589,34.16366],[132.83578,34.16399],[132.83544,34.16429],[132.83526,34.16455],[132.83529,34.16466],[132.83543,34.16472],[132.8364,34.16465],[132.83666,34.16465],[132.83677,34.1647],[132.83681,34.16486],[132.83624,34.1657],[132.83621,34.16583],[132.83627,34.1659],[132.83636,34.16592],[132.83707,34.16588],[132.83714,34.16601],[132.83713,34.16647],[132.83721,34.16685],[132.83711,34.16713],[132.83709,34.16863],[132.83684,34.17153],[132.83689,34.17174],[132.83686,34.17207],[132.83622,34.17332],[132.8362,34.17378],[132.83613,34.17407],[132.8358,34.17497],[132.83602,34.17572],[132.83637,34.17626],[132.83658,34.177],[132.83693,34.17731],[132.83727,34.17752],[132.83739,34.17768],[132.83732,34.17799],[132.83685,34.17834],[132.83687,34.17843],[132.83705,34.17857],[132.83709,34.17868],[132.83705,34.17883],[132.83727,34.17901],[132.83728,34.17912],[132.83692,34.17938],[132.83703,34.17986],[132.83675,34.18023],[132.83717,34.18067],[132.8372,34.1808],[132.8371,34.1809],[132.83669,34.18104],[132.83649,34.18131],[132.83634,34.1814],[132.83611,34.18144],[132.83599,34.1816],[132.83601,34.18169],[132.83619,34.1819],[132.8369,34.18263],[132.83696,34.18277],[132.83694,34.18313],[132.83686,34.18325],[132.8367,34.1833],[132.83594,34.18328],[132.83572,34.18318],[132.83527,34.18283],[132.83517,34.18279],[132.83493,34.18279],[132.83458,34.18292],[132.83451,34.18302],[132.83451,34.18315],[132.83471,34.18343],[132.8347,34.18353],[132.83461,34.18364],[132.83363,34.18404],[132.83339,34.1841],[132.83256,34.18422],[132.83212,34.18416],[132.83206,34.18419],[132.83203,34.18429],[132.83208,34.18437],[132.83221,34.18439],[132.83231,34.18429],[132.83223,34.18416],[132.83167,34.18407],[132.83151,34.18415],[132.83144,34.18425],[132.83146,34.18451],[132.83181,34.1844],[132.83207,34.18413],[132.83216,34.18397],[132.83222,34.18353],[132.8323,34.18335],[132.83261,34.18308],[132.83327,34.18262],[132.83321,34.18216],[132.83353,34.18165],[132.83373,34.18138],[132.83402,34.18119],[132.83423,34.18095],[132.83467,34.18059],[132.83474,34.1804],[132.83501,34.18006],[132.83495,34.17983],[132.83498,34.17973],[132.83529,34.17928],[132.8354,34.17883],[132.83539,34.17864],[132.83555,34.17828],[132.83557,34.17786],[132.83552,34.17745],[132.83558,34.17674],[132.83549,34.17656],[132.83546,34.17628],[132.8353,34.17605],[132.83523,34.17584],[132.8354,34.17552],[132.83537,34.17528],[132.83531,34.17526],[132.83523,34.17533],[132.83517,34.17532],[132.83516,34.17499],[132.83524,34.17472],[132.8355,34.17457],[132.83565,34.17438],[132.83567,34.17419],[132.83557,34.17381],[132.83558,34.17351],[132.83562,34.17347],[132.83571,34.17347],[132.83587,34.17359],[132.83607,34.17397],[132.83614,34.17399],[132.83607,34.17397],[132.83587,34.17359],[132.83571,34.17347],[132.83559,34.17349],[132.83557,34.17381],[132.83567,34.17419],[132.83565,34.17438],[132.8355,34.17457],[132.83524,34.17472],[132.83516,34.17499],[132.83517,34.17532],[132.83523,34.17533],[132.83531,34.17526],[132.83537,34.17528],[132.8354,34.17552],[132.83523,34.17584],[132.8353,34.17605],[132.83546,34.17628],[132.83549,34.17656],[132.83558,34.17674],[132.83552,34.17745],[132.83557,34.17786],[132.83555,34.17828],[132.83539,34.17864],[132.8354,34.17883],[132.83529,34.17928],[132.83498,34.17973],[132.83495,34.17983],[132.83501,34.18006],[132.83474,34.1804],[132.83467,34.18059],[132.83423,34.18095],[132.83402,34.18119],[132.83373,34.18138],[132.83353,34.18165],[132.83321,34.18216],[132.83327,34.18262],[132.83261,34.18308],[132.8323,34.18335],[132.83222,34.18353],[132.83216,34.18397],[132.83207,34.18413],[132.83181,34.1844],[132.83136,34.18457],[132.83148,34.18522],[132.83125,34.18549],[132.83145,34.18574],[132.83168,34.18685],[132.83227,34.18768],[132.83288,34.18888],[132.83414,34.18971],[132.83473,34.18997],[132.83533,34.19013],[132.83625,34.19035],[132.83822,34.19073],[132.8403,34.19127],[132.84071,34.19133],[132.84178,34.19131],[132.84204,34.19133],[132.84238,34.19142],[132.84268,34.19156],[132.84346,34.19206],[132.84465,34.19296],[132.84494,34.19304],[132.84521,34.193],[132.84542,34.1929],[132.84622,34.19222],[132.84689,34.19186],[132.84714,34.19178],[132.84737,34.19181],[132.84773,34.19199],[132.8479,34.19202],[132.84845,34.19187],[132.84883,34.19164],[132.84969,34.19222],[132.85003,34.19229],[132.85045,34.19217],[132.85096,34.19216],[132.85128,34.19221],[132.85192,34.19241],[132.85249,34.19238],[132.85268,34.19247],[132.85301,34.19278],[132.85332,34.19283],[132.8559,34.19258],[132.85614,34.1924],[132.85627,34.1921],[132.85644,34.19194],[132.85717,34.19173],[132.85782,34.19142],[132.85829,34.19137],[132.8586,34.19141],[132.85903,34.19169],[132.85913,34.1919],[132.85905,34.19246],[132.85913,34.19261],[132.8593,34.19271],[132.86195,34.19276],[132.86226,34.19269],[132.86251,34.19251],[132.8626,34.19236],[132.86272,34.19194],[132.86339,34.19147],[132.8637,34.19098],[132.86413,34.19058],[132.86416,34.19045],[132.8641,34.19034],[132.86284,34.19154],[132.86238,34.19185],[132.8618,34.19244],[132.8616,34.19289],[132.86154,34.1933],[132.86186,34.19375],[132.86227,34.19388],[132.86278,34.19435],[132.86312,34.1944],[132.86334,34.19449],[132.86377,34.19443],[132.86672,34.19351],[132.86707,34.19362],[132.86742,34.19361],[132.8678,34.19345],[132.86824,34.1935],[132.86869,34.19363],[132.87002,34.19381],[132.87068,34.19406],[132.87105,34.19428],[132.87184,34.19502],[132.87269,34.19627],[132.87276,34.19642],[132.87273,34.19658],[132.87287,34.19704],[132.8731,34.19714],[132.87327,34.19712],[132.87336,34.19706],[132.87358,34.1967],[132.87387,34.1964],[132.8748,34.19493],[132.87544,34.1942],[132.87567,34.19405],[132.87588,34.19398],[132.87622,34.19394],[132.87663,34.19396],[132.87679,34.19391],[132.87732,34.19344],[132.87813,34.19312],[132.8785,34.19285],[132.8788,34.19272],[132.87947,34.19261],[132.88038,34.19188],[132.88169,34.19119],[132.88228,34.19096],[132.88266,34.19089],[132.88321,34.19087],[132.88383,34.19103],[132.88507,34.19156],[132.88615,34.19219],[132.88833,34.1925],[132.88956,34.19241],[132.89028,34.19242],[132.89069,34.19236],[132.89125,34.19207],[132.89179,34.19175],[132.89234,34.19131],[132.893,34.19089],[132.89395,34.1904],[132.89421,34.18984],[132.89421,34.18967],[132.89411,34.18948],[132.89375,34.18929],[132.89341,34.18894],[132.89329,34.18796],[132.89288,34.18766],[132.8925,34.18729],[132.89235,34.18696],[132.8918,34.18631],[132.89139,34.18608],[132.89122,34.18591],[132.89117,34.18566],[132.8913,34.18536],[132.89116,34.18516],[132.89104,34.18513],[132.89064,34.18526],[132.88999,34.18539],[132.88956,34.18527],[132.88896,34.18529],[132.88867,34.18536],[132.88839,34.18525],[132.88793,34.18515],[132.88771,34.18503],[132.88755,34.18485],[132.88749,34.18404],[132.88733,34.18391],[132.88691,34.18384],[132.88676,34.18386],[132.88664,34.184],[132.88645,34.18411],[132.88621,34.18443],[132.88574,34.18462],[132.88539,34.18488],[132.88518,34.18496],[132.88469,34.18499],[132.88427,34.18488],[132.88316,34.18403],[132.88275,34.18353],[132.88265,34.18327],[132.88263,34.18303],[132.88269,34.18277],[132.88282,34.18256],[132.88329,34.18205],[132.88337,34.18156],[132.88333,34.18144],[132.88314,34.18117],[132.88219,34.18071],[132.88136,34.17999],[132.88085,34.17914],[132.88064,34.17792],[132.88014,34.17765],[132.87991,34.17722],[132.8797,34.17718],[132.87899,34.1774],[132.87836,34.17771],[132.87764,34.17762],[132.87739,34.17763],[132.877,34.17807],[132.87657,34.1783],[132.87611,34.17869],[132.87565,34.17887],[132.87556,34.17904],[132.87555,34.17956],[132.87545,34.17975],[132.87521,34.17998],[132.87479,34.18015],[132.8747,34.18024],[132.87469,34.18035],[132.87485,34.18085],[132.87475,34.18112],[132.87431,34.18143],[132.87387,34.18167],[132.87377,34.18179],[132.8737,34.18208],[132.87355,34.18227],[132.87219,34.18307],[132.87162,34.18349],[132.87096,34.18388],[132.87085,34.18406],[132.8707,34.18464],[132.87068,34.18482],[132.87076,34.18532],[132.87061,34.1859],[132.87012,34.18654],[132.86977,34.18691],[132.86953,34.187],[132.86914,34.18706],[132.86872,34.18729],[132.868,34.18752],[132.8674,34.18807],[132.86701,34.18832],[132.8662,34.18911],[132.86554,34.18938],[132.86433,34.19015],[132.8641,34.19034],[132.86416,34.19045],[132.86413,34.19058],[132.8637,34.19098],[132.86339,34.19147],[132.86272,34.19194],[132.8626,34.19236],[132.86251,34.19251],[132.86226,34.19269],[132.86195,34.19276],[132.86148,34.19277],[132.8593,34.19271],[132.85913,34.19261],[132.85905,34.19246],[132.85913,34.1919],[132.85903,34.19169],[132.8586,34.19141],[132.85829,34.19137],[132.85782,34.19142],[132.85717,34.19173],[132.85644,34.19194],[132.85627,34.1921],[132.85614,34.1924],[132.8559,34.19258],[132.85374,34.1928],[132.85332,34.19283],[132.85305,34.1928],[132.85289,34.1927],[132.85268,34.19247],[132.85249,34.19238],[132.85192,34.19241],[132.85128,34.19221],[132.85096,34.19216],[132.85045,34.19217],[132.85003,34.19229],[132.84959,34.19217],[132.84883,34.19164],[132.849,34.19078],[132.84917,34.19064],[132.85061,34.19019],[132.85076,34.19011],[132.85105,34.18966],[132.85204,34.18898],[132.85221,34.18873],[132.8524,34.18812],[132.85256,34.18781],[132.85329,34.18723],[132.85363,34.18708],[132.85376,34.18707],[132.85437,34.18722],[132.85518,34.18752],[132.85548,34.18755],[132.85607,34.18746],[132.85628,34.18737],[132.85671,34.18706],[132.85758,34.18663],[132.85782,34.18645],[132.8579,34.18629],[132.85788,34.1862],[132.85746,34.18575],[132.85738,34.18554],[132.85742,34.1853],[132.85756,34.18509],[132.85804,34.18482],[132.85815,34.18391],[132.85861,34.18303],[132.85938,34.18222],[132.85995,34.18226],[132.86044,34.18222],[132.86161,34.18154],[132.86288,34.18069],[132.8636,34.17968],[132.86374,34.17956],[132.86391,34.17951],[132.86418,34.17958],[132.86526,34.18001],[132.86638,34.18011],[132.86687,34.17999],[132.86738,34.17998],[132.86772,34.18013],[132.8679,34.18015],[132.86834,34.17999],[132.86842,34.17976],[132.86816,34.17906],[132.86812,34.17878],[132.86828,34.17767],[132.8682,34.17727],[132.86816,34.17662],[132.86786,34.17554],[132.86779,34.17483],[132.86767,34.17434],[132.86755,34.17428],[132.86653,34.17423],[132.86575,34.17404],[132.86534,34.17383],[132.8649,34.17351],[132.86483,34.1734],[132.86475,34.17302],[132.86459,34.17286],[132.86361,34.17243],[132.86318,34.17216],[132.86248,34.17187],[132.86213,34.17166],[132.86165,34.17119],[132.86132,34.17039],[132.86068,34.1699],[132.85986,34.16914],[132.85935,34.1684],[132.85887,34.16789],[132.85795,34.16727],[132.85735,34.16669],[132.85675,34.16628],[132.85589,34.1659],[132.85568,34.16586],[132.85546,34.16588],[132.85472,34.1657],[132.85441,34.16535],[132.85358,34.16501],[132.85355,34.16474],[132.85345,34.16463],[132.85243,34.16426],[132.85227,34.16413],[132.85206,34.16383],[132.85195,34.16376],[132.85125,34.1637],[132.85081,34.16361],[132.85009,34.16325],[132.84949,34.16306],[132.84906,34.16266],[132.84862,34.16184],[132.84818,34.16126],[132.84749,34.16065],[132.84716,34.16042],[132.84627,34.16],[132.84574,34.15989],[132.84451,34.15994],[132.84378,34.16007],[132.84231,34.16044],[132.84148,34.16054],[132.84108,34.16053],[132.84055,34.16043],[132.84021,34.16034],[132.83981,34.16012],[132.83963,34.16017],[132.83943,34.16041],[132.83918,34.16041],[132.83911,34.16037],[132.83909,34.16006],[132.83917,34.1599],[132.83945,34.15959],[132.83946,34.15947],[132.83911,34.15889],[132.83907,34.15854],[132.83878,34.15827],[132.8384,34.15813],[132.83782,34.1581],[132.83763,34.15803],[132.83727,34.15776],[132.83707,34.15767],[132.83687,34.15762],[132.83623,34.15763],[132.83539,34.15737],[132.83521,34.15728],[132.83491,34.15696],[132.83458,34.15648],[132.83433,34.15632],[132.83412,34.15631],[132.83348,34.15649],[132.83278,34.15653],[132.83249,34.15648],[132.83223,34.15636],[132.83118,34.15561],[132.83078,34.15524],[132.83045,34.15481],[132.83013,34.15456],[132.82808,34.15386],[132.82738,34.15374],[132.82631,34.1537],[132.82588,34.15373],[132.82422,34.15401],[132.82329,34.15402],[132.82312,34.15398],[132.82246,34.1536],[132.82225,34.15325],[132.8215,34.15309],[132.82084,34.15265],[132.82067,34.15243],[132.82059,34.15221],[132.82072,34.15184],[132.8207,34.15177],[132.82002,34.15115],[132.81961,34.151],[132.8194,34.151],[132.81871,34.15119],[132.81784,34.15116],[132.8177,34.15119],[132.81758,34.1513],[132.81721,34.15199],[132.81638,34.15258],[132.81579,34.15276],[132.81521,34.15265],[132.81499,34.15269],[132.81455,34.15289],[132.81284,34.15386],[132.81268,34.15391],[132.81206,34.15388],[132.8118,34.15394],[132.81155,34.1541],[132.81056,34.15453],[132.81024,34.15454],[132.81011,34.1545],[132.80955,34.15416],[132.80902,34.15402],[132.8084,34.15349],[132.80812,34.15307],[132.80762,34.15285],[132.80754,34.15285],[132.8073,34.15296],[132.80654,34.15372],[132.80631,34.15388],[132.80456,34.15403],[132.8042,34.15427],[132.80375,34.1543],[132.80337,34.15445],[132.8027,34.15501],[132.80272,34.15522],[132.80316,34.15583],[132.80309,34.15621],[132.80332,34.15675],[132.80329,34.15691],[132.80256,34.15769],[132.80146,34.15795],[132.80122,34.15818],[132.80116,34.15838],[132.80107,34.15849],[132.80093,34.15855],[132.80046,34.15859],[132.80029,34.15874],[132.80031,34.15887],[132.80086,34.15948],[132.80099,34.15957],[132.80118,34.15959],[132.8016,34.15945],[132.80179,34.15945],[132.80278,34.15987],[132.8032,34.15999],[132.80373,34.16006],[132.8043,34.16046],[132.8045,34.16047],[132.80472,34.1604],[132.80493,34.1604],[132.80543,34.16068],[132.80575,34.161],[132.8059,34.16126],[132.80637,34.16235],[132.80667,34.16282],[132.80678,34.16333],[132.80676,34.16388],[132.80669,34.16415],[132.80639,34.1649],[132.80576,34.16612],[132.80542,34.16664],[132.80502,34.16711],[132.8037,34.16842],[132.8036,34.1686],[132.80362,34.16961],[132.80314,34.17158],[132.80326,34.17232],[132.80337,34.17263],[132.80359,34.1729],[132.80459,34.17352]]]},"properties":{"id":417,"name":"安芸灘とびしま海道","group":"Setouchi routes","distance_km":96.2,"elev_up_m":963,"intro_url":"https://setouchivelo.jp/route/route-164/","profile":[[0.0,12],[1.72,0],[3.52,0],[5.16,16],[6.25,109],[7.41,9],[8.49,75],[9.59,4],[12.84,9],[14.78,11],[17.63,0],[19.8,4],[22.26,40],[23.96,18],[26.38,15],[29.2,14],[32.26,18],[35.66,34],[36.77,8],[38.76,3],[40.34,12],[41.92,7],[42.99,8],[44.82,75],[46.44,106],[47.97,73],[49.1,11],[50.25,75],[52.14,199],[53.42,59],[54.64,2],[55.86,31],[56.84,2],[57.71,5],[58.9,12],[60.28,1],[61.82,14],[63.6,14],[65.35,0],[66.79,12],[68.18,10],[69.94,8],[71.78,31],[73.79,74],[75.88,30],[77.48,2],[78.83,9],[80.16,9],[82.08,16],[83.62,7],[85.59,9],[87.41,15],[88.98,73],[90.72,4],[92.4,0],[93.94,7],[94.77,62],[95.44,63],[96.9,77],[97.71,50],[98.41,27],[99.17,70],[100.6,69],[101.29,61],[102.15,22],[103.0,31],[103.62,83],[104.17,71],[104.88,18],[107.41,7],[109.81,11],[112.22,7],[114.38,16],[116.17,20],[117.93,9],[120.36,3],[122.89,6],[125.59,16],[128.25,13],[130.7,17],[133.38,15],[133.83,1]],"desc":"距離：96.2km\r\n安芸灘大橋～安芸灘大橋\r\nhttps://setouchivelo.jp/route/route-164/","elev_src":"source","weight":3,"opacity":1}},{"type":"Feature","geometry":{"type":"MultiLineString","coordinates":[[[133.19393,34.40438],[133.19396,34.40438],[133.19374,34.40402],[133.19251,34.40333],[133.19221,34.40367],[133.19206,34.40377],[133.19182,34.40385],[133.19149,34.40384],[133.1873,34.40259],[133.18655,34.40247],[133.18381,34.40167],[133.18189,34.40137],[133.16906,34.39791],[133.16683,34.39771],[133.1629,34.39629],[133.15855,34.39514],[133.15774,34.39504],[133.15691,34.39485],[133.15568,34.39473],[133.15458,34.39468],[133.15414,34.39475],[133.15371,34.39475],[133.15263,34.39459],[133.15139,34.39419],[133.1501,34.39366],[133.14891,34.39325],[133.14774,34.393],[133.14546,34.39271],[133.14474,34.39256],[133.14411,34.39238],[133.14348,34.3921],[133.13991,34.39009],[133.13943,34.38975],[133.13801,34.38829],[133.13759,34.38794],[133.13518,34.3868],[133.13349,34.38568],[133.12824,34.38343],[133.1275,34.38319],[133.12656,34.38303],[133.11947,34.3828],[133.11913,34.38283],[133.11838,34.38296],[133.11804,34.38308],[133.11588,34.38413],[133.1154,34.38445],[133.11492,34.38493],[133.11449,34.38587],[133.11423,34.38631],[133.11403,34.38655],[133.11324,34.38728],[133.113,34.3876],[133.11237,34.38924],[133.1122,34.38953],[133.11185,34.38985],[133.1113,34.39008],[133.10965,34.39041],[133.10902,34.39062],[133.10815,34.39098],[133.10784,34.39115],[133.10738,34.39149],[133.10652,34.39221],[133.10588,34.39256],[133.10552,34.3927],[133.10489,34.39282],[133.10337,34.39294],[133.1028,34.39305],[133.10227,34.39325],[133.10102,34.39395],[133.09958,34.39489],[133.09913,34.39531],[133.0966,34.39807],[133.09604,34.39836],[133.09555,34.39844],[133.09518,34.3984],[133.08983,34.39731],[133.08916,34.39727],[133.08814,34.39731],[133.08539,34.39744],[133.08472,34.3975],[133.08417,34.39763],[133.08019,34.39894],[133.07929,34.39919],[133.07882,34.39926],[133.07688,34.39934],[133.07664,34.39931],[133.07634,34.39919],[133.07404,34.39729],[133.07318,34.39652],[133.07268,34.39619],[133.07202,34.39585],[133.06687,34.39353],[133.06727,34.39294],[133.06746,34.39254],[133.06761,34.39184],[133.06772,34.3864],[133.06779,34.38624],[133.06813,34.38589],[133.06846,34.38575],[133.07308,34.38566],[133.07359,34.38558],[133.07407,34.3854],[133.07443,34.38514],[133.07704,34.38287],[133.07751,34.38256],[133.07837,34.38224],[133.08281,34.38105],[133.08333,34.38083],[133.08409,34.38037],[133.08514,34.37965],[133.08521,34.37953],[133.08572,34.37907],[133.08639,34.37825],[133.08659,34.37798],[133.08678,34.37756],[133.08704,34.37676],[133.08717,34.376],[133.08711,34.37543],[133.08662,34.37387],[133.08634,34.37326],[133.08582,34.37249],[133.08564,34.37201],[133.08561,34.37151],[133.08569,34.3708],[133.08567,34.37054],[133.08553,34.37011],[133.08517,34.36946],[133.08488,34.369],[133.08438,34.36844],[133.08424,34.36806],[133.08417,34.36735],[133.08378,34.36621],[133.08369,34.36567],[133.08391,34.36186],[133.08387,34.36167],[133.08362,34.36114],[133.08312,34.36031],[133.08271,34.35868],[133.08231,34.35682],[133.08163,34.35417],[133.08158,34.35376],[133.08159,34.35247],[133.08116,34.35037],[133.08107,34.35009],[133.08081,34.34964],[133.08006,34.34875],[133.07984,34.34842],[133.07973,34.34813],[133.07957,34.34739],[133.07956,34.34652],[133.07934,34.34595],[133.07878,34.34533],[133.07821,34.34493],[133.07744,34.34454],[133.07649,34.34414],[133.07591,34.34391],[133.07397,34.34329],[133.07299,34.34308],[133.07221,34.34299],[133.07151,34.343],[133.07097,34.34308],[133.06663,34.34394],[133.06613,34.34407],[133.06446,34.34466],[133.06356,34.34483],[133.06286,34.3449],[133.06188,34.34521],[133.0612,34.34531],[133.06056,34.34529],[133.05975,34.34518],[133.05898,34.3448],[133.05877,34.34473],[133.05328,34.34343],[133.05253,34.34311],[133.05223,34.34287],[133.05163,34.34228],[133.05137,34.34211],[133.05107,34.342],[133.05001,34.34175],[133.04879,34.34118],[133.04818,34.34071],[133.04782,34.34019],[133.04731,34.33989],[133.04678,34.33951],[133.04638,34.3393],[133.04597,34.33918],[133.04471,34.33913],[133.04311,34.33874],[133.04087,34.33741],[133.04049,34.33724],[133.03814,34.33659],[133.03666,34.33633],[133.03615,34.33617],[133.03542,34.33587],[133.03514,34.33565],[133.03484,34.33519],[133.0347,34.33483],[133.03461,34.33419],[133.03451,34.33399],[133.03301,34.33304],[133.03271,34.33294],[133.03245,34.33293],[133.03021,34.33297],[133.02967,34.3329],[133.02926,34.33273],[133.02825,34.332],[133.02771,34.33171],[133.02537,34.33089],[133.02392,34.33113],[133.02072,34.33252],[133.01879,34.33321],[133.01736,34.33468],[133.01615,34.33542],[133.01546,34.33565],[133.01369,34.33602],[133.01321,34.33604],[133.01246,34.33595],[133.012,34.33602],[133.01178,34.33613],[133.01145,34.33642],[133.01115,34.33684],[133.01099,34.33694],[133.0108,34.337],[133.01,34.33698],[133.00979,34.33702],[133.00866,34.33768],[133.00853,34.33771],[133.00745,34.33759],[133.00626,34.33783],[133.00606,34.33782],[133.00586,34.33777],[133.00438,34.33713],[133.00366,34.33651],[133.0034,34.3364],[133.00324,34.3364],[133.00285,34.33654],[133.00209,34.33713],[133.00159,34.33741],[133.00111,34.33762],[133.00029,34.33785],[132.99931,34.33788],[132.99893,34.33784],[132.99743,34.33748],[132.99692,34.33744],[132.99634,34.33754],[132.99475,34.33819],[132.99442,34.33823],[132.99414,34.3382],[132.99134,34.33715],[132.99043,34.33678],[132.98929,34.33612],[132.98782,34.33561],[132.98638,34.33531],[132.98543,34.33538],[132.98512,34.33533],[132.9849,34.33521],[132.98474,34.33504],[132.98383,34.33395],[132.9827,34.33239],[132.98248,34.33226],[132.98228,34.3322],[132.98189,34.33228],[132.97994,34.33326],[132.97957,34.33338],[132.97892,34.33344],[132.97828,34.33337],[132.97707,34.33311],[132.9766,34.33318],[132.97592,34.33345],[132.97429,34.33443],[132.9731,34.33491],[132.97235,34.33511],[132.97069,34.33537],[132.96492,34.33726],[132.96421,34.33745],[132.96149,34.33786],[132.96072,34.33806],[132.95999,34.33837],[132.95731,34.34005],[132.95676,34.34027],[132.95541,34.3405],[132.95182,34.34064],[132.94936,34.34007],[132.94861,34.33997],[132.94638,34.34018],[132.94568,34.34002],[132.94522,34.33982],[132.94486,34.33953],[132.94301,34.33766],[132.94156,34.33522],[132.94101,34.3344],[132.94077,34.33413],[132.94048,34.33388],[132.93918,34.33297],[132.9376,34.33142],[132.9351,34.32945],[132.93457,34.32919],[132.93336,34.32879],[132.93276,34.32849],[132.93239,34.32817],[132.93081,34.32648],[132.93066,34.32635],[132.93012,34.32606],[132.92832,34.32564],[132.92769,34.32564],[132.92625,34.32576],[132.92527,34.32591],[132.92355,34.32632],[132.92327,34.32639],[132.92297,34.32658],[132.9217,34.32814],[132.92142,34.32892],[132.92121,34.33008],[132.921,34.33051],[132.92046,34.33113],[132.91995,34.33148],[132.91852,34.33213],[132.91621,34.33337],[132.91576,34.33367],[132.91551,34.33389],[132.91512,34.33438],[132.91494,34.33474],[132.91481,34.33506],[132.91466,34.3357],[132.9146,34.33659],[132.91473,34.33803],[132.91471,34.33832],[132.91465,34.33852],[132.91282,34.34225],[132.91246,34.34283],[132.91171,34.34386],[132.91098,34.34344],[132.90829,34.34172],[132.90696,34.34099],[132.90599,34.34054],[132.90444,34.33997],[132.90346,34.33975],[132.90163,34.33945],[132.9012,34.33933],[132.90065,34.33908],[132.90006,34.33865],[132.89971,34.33827],[132.8983,34.33701],[132.89735,34.33645],[132.89664,34.33582],[132.89623,34.33553],[132.89449,34.33517],[132.89416,34.33507],[132.89254,34.33434],[132.89034,34.33369],[132.88953,34.33334],[132.88897,34.33302],[132.88835,34.3326],[132.88782,34.33214],[132.88704,34.3313],[132.88614,34.33068],[132.88497,34.32967],[132.88374,34.32923],[132.8833,34.32916],[132.88192,34.32907],[132.88137,34.32893],[132.88094,34.32877],[132.88049,34.32852],[132.88019,34.32829],[132.87866,34.32667],[132.87758,34.32573],[132.87694,34.32544],[132.87458,34.32458],[132.87419,34.32433],[132.87368,34.32386],[132.87289,34.32352],[132.87258,34.32352],[132.87061,34.32421],[132.86671,34.32415],[132.86619,34.32408],[132.86561,34.32388],[132.86352,34.32343],[132.86242,34.32286],[132.86204,34.32272],[132.86139,34.32261],[132.86111,34.32261],[132.85941,34.32276],[132.85848,34.32263],[132.85547,34.32211],[132.85413,34.32169],[132.8535,34.32144],[132.85237,34.32045],[132.85188,34.32019],[132.848,34.31898],[132.84753,34.31885],[132.84653,34.31869],[132.84292,34.31848],[132.84205,34.31824],[132.84143,34.31788],[132.83841,34.31559],[132.83795,34.31541],[132.83745,34.31539],[132.83671,34.31549],[132.83616,34.31563],[132.83555,34.31592],[132.83425,34.31693],[132.83382,34.31714],[132.83281,34.31739],[132.83091,34.31773],[132.83027,34.31774],[132.8298,34.31767],[132.82705,34.31666],[132.82624,34.3165],[132.82536,34.31645],[132.82485,34.31623],[132.8245,34.31613],[132.82387,34.31603],[132.82344,34.31607],[132.82192,34.31639],[132.82137,34.31657],[132.81876,34.31762],[132.81475,34.31728],[132.81432,34.31719],[132.81313,34.31668],[132.81261,34.31652],[132.81204,34.31644],[132.80989,34.31644],[132.80925,34.31636],[132.80311,34.31423],[132.79824,34.31261],[132.79736,34.31221],[132.79664,34.31169],[132.79561,34.31065],[132.79534,34.31019],[132.79525,34.30976],[132.79528,34.30939],[132.79635,34.30524],[132.79644,34.30475],[132.79644,34.30335],[132.79641,34.30318],[132.79614,34.30266],[132.79548,34.30163],[132.79489,34.30049],[132.79486,34.29908],[132.7945,34.29845],[132.79434,34.29825],[132.794,34.29798],[132.79362,34.29777],[132.79352,34.29764],[132.79344,34.29705],[132.79348,34.29687],[132.79374,34.29637],[132.79385,34.29592],[132.7936,34.29494],[132.79333,34.2945],[132.7918,34.29367],[132.79073,34.29266],[132.79049,34.29238],[132.79039,34.29217],[132.78978,34.28964],[132.78967,34.28937],[132.7895,34.28913],[132.78913,34.28877],[132.78823,34.28822],[132.78794,34.28799],[132.78764,34.28756],[132.78724,34.28656],[132.78707,34.28433],[132.7873,34.28357],[132.78733,34.28317],[132.78714,34.28294],[132.78627,34.2823],[132.78619,34.28211],[132.78599,34.28095],[132.78582,34.27945],[132.78559,34.27873],[132.78543,34.27844],[132.78514,34.27809],[132.78469,34.27771],[132.78404,34.27737],[132.7836,34.27721],[132.78325,34.27716],[132.78288,34.27717],[132.78263,34.27721],[132.78172,34.2775],[132.77772,34.27851],[132.7767,34.27888],[132.77624,34.27915],[132.77598,34.2795],[132.77592,34.27966],[132.77574,34.28043],[132.77561,34.28061],[132.77542,34.28076],[132.7752,34.28081],[132.775,34.28083],[132.77473,34.28077],[132.77364,34.28011],[132.77286,34.27971],[132.77219,34.27948],[132.77162,34.27936],[132.77108,34.27931],[132.77007,34.27932],[132.76963,34.2794],[132.76876,34.27966],[132.76814,34.28],[132.76741,34.28056],[132.76634,34.28171],[132.76599,34.28195],[132.76541,34.28218],[132.76173,34.28267],[132.76112,34.28267],[132.76057,34.28259],[132.75959,34.28235],[132.75771,34.28167],[132.75739,34.28158],[132.75698,34.28155],[132.75635,34.28163],[132.75583,34.28175],[132.75439,34.28235],[132.75027,34.28321],[132.74977,34.28327],[132.74845,34.28314],[132.74748,34.28315],[132.74563,34.27968],[132.74523,34.27925],[132.74497,34.27909],[132.74428,34.27884],[132.74395,34.2788],[132.74132,34.2788],[132.74053,34.27873],[132.73986,34.27851],[132.73917,34.27814],[132.73788,34.27687],[132.73726,34.27644],[132.73692,34.27628],[132.73643,34.27614],[132.73497,34.27579],[132.73432,34.27543],[132.7332,34.27426],[132.73282,34.27394],[132.7324,34.27367],[132.73156,34.27336],[132.73107,34.27326],[132.72964,34.27316],[132.72925,34.27307],[132.72891,34.27291],[132.72841,34.27254],[132.72824,34.27231],[132.72663,34.2693],[132.72655,34.26892],[132.72659,34.26806],[132.7265,34.26769],[132.72572,34.2664],[132.72552,34.26598],[132.7255,34.26579],[132.72557,34.26537],[132.72613,34.26367],[132.72615,34.26299],[132.72593,34.26096],[132.72519,34.2595],[132.72496,34.25799],[132.72481,34.2576],[132.72386,34.25612],[132.72296,34.25528],[132.72214,34.25435],[132.7219,34.254],[132.72151,34.25307],[132.7212,34.25256],[132.72015,34.25104],[132.71821,34.24856],[132.71707,34.24668],[132.71625,34.24598],[132.71596,34.24564],[132.71576,34.24503],[132.71562,34.24423],[132.71564,34.24377],[132.71585,34.24317],[132.71581,34.24284],[132.71571,34.24271],[132.71474,34.24183],[132.7134,34.24099],[132.71277,34.24048],[132.71235,34.24003],[132.71204,34.23983],[132.71166,34.23982],[132.70995,34.24025],[132.70975,34.24027],[132.70944,34.24018],[132.70821,34.23938],[132.70777,34.23928],[132.7054,34.23921],[132.7049,34.23932],[132.70429,34.23958],[132.70381,34.23962],[132.70357,34.23957],[132.70091,34.23807],[132.69739,34.23645],[132.69655,34.23585],[132.6948,34.23445],[132.69445,34.23421],[132.69323,34.23353],[132.69254,34.23291],[132.69138,34.23073],[132.69098,34.22964],[132.69049,34.22853],[132.68976,34.2258],[132.68943,34.2252],[132.68895,34.2247],[132.6887,34.22453],[132.68556,34.22317],[132.68495,34.22274],[132.68429,34.22207],[132.68391,34.22157],[132.6837,34.22103],[132.6836,34.21957],[132.68354,34.21929],[132.68314,34.21869],[132.68112,34.21683],[132.68071,34.21656],[132.67999,34.21629],[132.6795,34.2162],[132.67807,34.21609],[132.67725,34.21598],[132.67644,34.21572],[132.67509,34.21519],[132.67392,34.21504],[132.67363,34.21509],[132.67339,34.2152],[132.6732,34.21537],[132.67309,34.21557],[132.673,34.2161],[132.67277,34.21655],[132.67207,34.2172],[132.67142,34.21794],[132.6712,34.21847],[132.67108,34.21928],[132.67097,34.21958],[132.6708,34.21984],[132.67053,34.22013],[132.67023,34.22034],[132.66952,34.22063],[132.66879,34.22068],[132.66807,34.22059],[132.66665,34.22033],[132.6648,34.22042],[132.66395,34.22051],[132.66349,34.22059],[132.66303,34.22076],[132.66222,34.22115],[132.66157,34.22157],[132.6593,34.22252],[132.65792,34.22288],[132.65688,34.2231],[132.65613,34.22319],[132.6553,34.22338],[132.65347,34.22389],[132.65188,34.2244],[132.64999,34.22491],[132.64648,34.2256],[132.64447,34.22586],[132.64389,34.22581],[132.64312,34.22557],[132.64227,34.22537],[132.64147,34.2254],[132.63837,34.22626],[132.63026,34.22872],[132.62224,34.23118],[132.62218,34.23124],[132.61835,34.23246],[132.61608,34.23301],[132.60991,34.23438],[132.60925,34.2346],[132.60633,34.23526],[132.60221,34.23656],[132.5988,34.23771],[132.59767,34.23869],[132.59628,34.24003],[132.5952,34.24084],[132.59485,34.241],[132.59341,34.24146],[132.5909,34.2426],[132.57915,34.24806],[132.57682,34.2491],[132.5756,34.24969],[132.57532,34.24985],[132.57513,34.25005],[132.57052,34.24831],[132.57031,34.2482],[132.56907,34.2473],[132.56383,34.24216],[132.56369,34.2422],[132.56324,34.24251],[132.55967,34.24499],[132.55901,34.24435]]]},"properties":{"id":418,"name":"さざなみ海道","group":"Setouchi routes","distance_km":82.0,"elev_up_m":279,"intro_url":"https://setouchivelo.jp/route/route-166/","profile":[[0.0,5],[1.23,6],[2.32,5],[3.21,7],[4.25,6],[5.08,10],[5.84,9],[7.18,3],[8.32,9],[9.07,8],[9.97,12],[11.1,2],[12.13,5],[13.06,4],[14.23,2],[15.36,1],[16.67,12],[17.47,6],[18.95,11],[20.44,11],[21.62,7],[22.55,5],[23.28,2],[24.29,2],[25.03,5],[26.16,7],[27.03,47],[27.84,9],[28.45,6],[29.16,6],[29.79,10],[30.46,8],[31.26,13],[32.71,7],[33.54,7],[34.63,2],[35.89,13],[36.72,7],[37.48,3],[38.24,2],[39.49,5],[40.29,8],[40.91,3],[41.67,9],[42.42,5],[43.22,18],[44.1,34],[44.83,41],[45.61,41],[46.44,8],[47.18,2],[47.96,7],[49.02,3],[50.35,2],[51.6,4],[52.62,6],[53.62,5],[54.6,24],[55.96,2],[56.98,9],[58.02,1],[59.36,8],[60.66,30],[61.66,37],[62.98,47],[64.06,58],[65.04,45],[65.98,16],[67.06,7],[67.77,5],[68.92,6],[69.77,3],[70.68,20],[71.48,6],[72.66,6],[73.82,6],[75.57,7],[76.76,2],[77.86,3],[80.22,21],[81.45,9],[82.42,9]],"desc":"距離：82km\r\nJR呉駅～JR尾道駅\r\nhttps://setouchivelo.jp/route/route-166/","elev_src":"source","weight":3,"opacity":1}},{"type":"Feature","geometry":{"type":"MultiLineString","coordinates":[[[133.19384,34.40449],[133.19406,34.40442],[133.19414,34.40435],[133.19403,34.4043],[133.19384,34.40396],[133.19367,34.40384],[133.19346,34.40377],[133.19369,34.40342],[133.19386,34.40335],[133.19627,34.40295],[133.19645,34.40289],[133.19689,34.40262],[133.19738,34.40222],[133.19772,34.40182],[133.19776,34.40161],[133.19769,34.40139],[133.19722,34.40076],[133.19714,34.40049],[133.19718,34.40029],[133.19749,34.39962],[133.19762,34.39797],[133.19757,34.39739],[133.19802,34.39595],[133.18854,34.39326],[133.18805,34.39309],[133.18549,34.39152],[133.18516,34.39124],[133.18426,34.39027],[133.18382,34.38992],[133.18335,34.38964],[133.18262,34.38935],[133.17939,34.38846],[133.17909,34.38834],[133.17888,34.3882],[133.17794,34.38724],[133.17758,34.38699],[133.17499,34.38582],[133.17456,34.38554],[133.17402,34.38506],[133.17372,34.38487],[133.17342,34.38478],[133.17276,34.38469],[133.17269,34.38466],[133.17265,34.38456],[133.17288,34.38416],[133.17296,34.38391],[133.17312,34.38273],[133.1731,34.38216],[133.17318,34.38201],[133.17403,34.38104],[133.17419,34.3808],[133.17405,34.38026],[133.17414,34.37973],[133.17402,34.37776],[133.17408,34.37757],[133.17426,34.3773],[133.17432,34.37706],[133.17421,34.37642],[133.17421,34.37613],[133.17399,34.37524],[133.17415,34.37457],[133.17421,34.3744],[133.1745,34.37399],[133.17518,34.37326],[133.17562,34.37296],[133.17604,34.3728],[133.17667,34.37114],[133.17663,34.37091],[133.17655,34.37078],[133.1754,34.36981],[133.17518,34.36952],[133.17511,34.36922],[133.17511,34.36856],[133.17505,34.36829],[133.1747,34.36748],[133.17477,34.36721],[133.17496,34.36703],[133.17604,34.3664],[133.17617,34.36623],[133.17633,34.36571],[133.17646,34.36556],[133.17659,34.36549],[133.17689,34.36543],[133.1778,34.36543],[133.17878,34.36533],[133.17965,34.36502],[133.18011,34.36457],[133.18025,34.36453],[133.18086,34.36457],[133.18136,34.36417],[133.18201,34.36405],[133.18224,34.36392],[133.18274,34.36324],[133.18288,34.36285],[133.1831,34.36119],[133.18305,34.36009],[133.18317,34.3599],[133.18352,34.3597],[133.18458,34.35926],[133.18505,34.35914],[133.18534,34.35913],[133.18605,34.35927],[133.18706,34.35936],[133.18747,34.35933],[133.18802,34.35916],[133.18855,34.35892],[133.18877,34.35877],[133.18902,34.35809],[133.18947,34.35761],[133.18969,34.35751],[133.18999,34.35756],[133.19111,34.35825],[133.19294,34.35923],[133.19288,34.35954],[133.19299,34.35991],[133.193,34.36029],[133.19291,34.36075],[133.19215,34.36102],[133.19198,34.36102],[133.19182,34.36093],[133.19175,34.36072],[133.1921,34.3602],[133.1921,34.36],[133.19204,34.35978],[133.19174,34.35959],[133.19162,34.35955],[133.19129,34.35955],[133.19115,34.35959],[133.19087,34.36001],[133.19067,34.36009],[133.19031,34.36007],[133.19011,34.35995],[133.1898,34.35999],[133.18965,34.35989],[133.18963,34.35932],[133.18949,34.35903],[133.18955,34.35864],[133.18965,34.35843],[133.18957,34.35832],[133.18945,34.3583],[133.18938,34.35832],[133.18932,34.35842],[133.18943,34.35866],[133.18932,34.35899],[133.18897,34.35917],[133.18889,34.35937],[133.1887,34.3596],[133.18866,34.36],[133.18833,34.36017],[133.18802,34.36064],[133.18769,34.36081],[133.18733,34.36068],[133.18705,34.36072],[133.18659,34.36068],[133.18647,34.36064],[133.18641,34.36056],[133.18653,34.35994],[133.18567,34.35963],[133.1804,34.35745],[133.17678,34.3559],[133.17601,34.3555],[133.17384,34.35456],[133.17363,34.35445],[133.17345,34.35405],[133.17316,34.35399],[133.17308,34.35393],[133.17287,34.35356],[133.17262,34.35345],[133.1725,34.35346],[133.17235,34.35355],[133.17184,34.35434],[133.17186,34.35447],[133.17212,34.35466],[133.17218,34.35477],[133.17214,34.35494],[133.17198,34.35503],[133.17172,34.35502],[133.17162,34.35506],[133.17154,34.3552],[133.1716,34.35539],[133.17157,34.35551],[133.17132,34.35569],[133.1712,34.35585],[133.1711,34.35587],[133.17101,34.35583],[133.17095,34.35574],[133.17098,34.35565],[133.17121,34.35559],[133.17136,34.35547],[133.17134,34.35514],[133.17154,34.3549],[133.17153,34.35481],[133.17138,34.35461],[133.17139,34.35452],[133.17161,34.35422],[133.1716,34.35414],[133.17148,34.35409],[133.17042,34.35563],[133.17012,34.35592],[133.16985,34.35608],[133.16996,34.35622],[133.17013,34.35632],[133.16957,34.3574],[133.16947,34.35751],[133.16934,34.35756],[133.16909,34.35754],[133.16818,34.35718],[133.16778,34.35715],[133.16709,34.35725],[133.1661,34.35754],[133.16567,34.35752],[133.16558,34.35748],[133.16548,34.35734],[133.16512,34.35746],[133.1648,34.3575],[133.16404,34.35751],[133.16317,34.35761],[133.16291,34.35754],[133.16272,34.35741],[133.16202,34.35677],[133.16179,34.35665],[133.16149,34.35659],[133.16118,34.35662],[133.16094,34.35671],[133.15968,34.35746],[133.1595,34.3575],[133.1592,34.35748],[133.15774,34.35721],[133.1574,34.35706],[133.15726,34.3569],[133.15721,34.35674],[133.15721,34.35602],[133.15713,34.35575],[133.15694,34.35553],[133.15595,34.35484],[133.15576,34.35477],[133.15536,34.35475],[133.1542,34.35501],[133.15359,34.35307],[133.15366,34.35243],[133.1534,34.35089],[133.15361,34.35039],[133.15357,34.35038],[133.15365,34.35011],[133.15363,34.34934],[133.15372,34.34867],[133.15297,34.34795],[133.15281,34.3473],[133.15247,34.34695],[133.15184,34.34574],[133.15189,34.34572],[133.1516,34.34526],[133.15127,34.34494],[133.15077,34.3443],[133.15021,34.34382],[133.14997,34.34274],[133.1494,34.34179],[133.14943,34.34177],[133.14931,34.34155],[133.14974,34.34141],[133.15004,34.34125],[133.15097,34.34062],[133.15223,34.33963],[133.15368,34.33882],[133.15419,34.33864],[133.15599,34.33831],[133.15575,34.33522],[133.15564,34.3349],[133.15516,34.33414],[133.15482,34.33311],[133.15485,34.33219],[133.15517,34.33152],[133.15543,34.3311],[133.15549,34.33089],[133.15547,34.33067],[133.1551,34.3299],[133.15469,34.32947],[133.15352,34.3285],[133.15285,34.32759],[133.1527,34.32745],[133.15242,34.3273],[133.15031,34.32657],[133.15007,34.32641],[133.14988,34.32615],[133.14981,34.32582],[133.14933,34.32441],[133.14926,34.32428],[133.14886,34.32394],[133.14819,34.32346],[133.14794,34.32335],[133.14697,34.32306],[133.14622,34.32301],[133.14582,34.3229],[133.14427,34.322],[133.14398,34.32178],[133.14467,34.32132],[133.14553,34.32035],[133.14562,34.32019],[133.14573,34.31976],[133.14613,34.31893],[133.14627,34.31844],[133.14641,34.31831],[133.14726,34.31785],[133.14816,34.31727],[133.14811,34.31724],[133.14834,34.31691],[133.14844,34.31609],[133.14859,34.31571],[133.14875,34.31553],[133.14943,34.31503],[133.15133,34.31309],[133.15168,34.31268],[133.15199,34.31217],[133.15237,34.31072],[133.15272,34.31],[133.15277,34.30976],[133.15269,34.3094],[133.15228,34.30875],[133.15221,34.30854],[133.15206,34.30731],[133.15209,34.30686],[133.15265,34.30541],[133.15322,34.30458],[133.15363,34.30387],[133.15392,34.3041],[133.15422,34.30409],[133.15436,34.30418],[133.15424,34.30461],[133.15398,34.30473],[133.15391,34.30484],[133.15392,34.30494],[133.15401,34.30504],[133.1542,34.30506],[133.15476,34.30455],[133.15515,34.30435],[133.15537,34.3039],[133.15571,34.30371],[133.15604,34.30307],[133.15621,34.30303],[133.15634,34.30311],[133.15636,34.3032],[133.15631,34.30331],[133.156,34.30346],[133.15583,34.30375],[133.15551,34.304],[133.15527,34.30452],[133.15504,34.30474],[133.15501,34.30502],[133.1548,34.30539],[133.15465,34.30588],[133.1545,34.30596],[133.15419,34.306],[133.15401,34.30612],[133.15395,34.30622],[133.15393,34.30642],[133.15406,34.30666],[133.15447,34.30669],[133.15465,34.30679],[133.15469,34.3069],[133.1546,34.3072],[133.15472,34.30745],[133.15461,34.30756],[133.15451,34.3075],[133.15353,34.30641],[133.1471,34.3014],[133.14654,34.30079],[133.14636,34.30042],[133.14641,34.30032],[133.14652,34.3003],[133.14662,34.30038],[133.14674,34.30075],[133.14665,34.30099],[133.14649,34.30116],[133.14634,34.30124],[133.14551,34.30151],[133.14541,34.30165],[133.14545,34.30181],[133.14604,34.30232],[133.14608,34.30257],[133.14598,34.30272],[133.14551,34.30312],[133.14545,34.30329],[133.14547,34.30344],[133.1454,34.30355],[133.14521,34.30364],[133.14505,34.30387],[133.14466,34.30396],[133.14455,34.30409],[133.14457,34.30421],[133.14473,34.3043],[133.14522,34.3042],[133.14612,34.30433],[133.1462,34.30441],[133.14621,34.30456],[133.14601,34.30495],[133.14601,34.30505],[133.14632,34.30542],[133.14641,34.30547],[133.14525,34.30741],[133.14506,34.30797],[133.14492,34.30819],[133.14437,34.30881],[133.14335,34.30979],[133.1431,34.31011],[133.143,34.31048],[133.14288,34.31199],[133.14271,34.31239],[133.14237,34.31278],[133.14143,34.31344],[133.14122,34.31367],[133.14089,34.31423],[133.14057,34.31449],[133.14031,34.31459],[133.14007,34.31462],[133.13963,34.31459],[133.13911,34.31462],[133.13878,34.31473],[133.13794,34.3152],[133.13758,34.31529],[133.13692,34.31536],[133.13646,34.31529],[133.13584,34.31498],[133.13578,34.31504],[133.13528,34.31495],[133.13327,34.31486],[133.13283,34.31488],[133.1319,34.31505],[133.12999,34.3153],[133.1294,34.31522],[133.12851,34.31494],[133.12793,34.3149],[133.12599,34.31503],[133.12566,34.31498],[133.12531,34.31486],[133.12349,34.31384],[133.12288,34.31359],[133.12231,34.31342],[133.12233,34.31334],[133.12212,34.31324],[133.12177,34.31296],[133.12133,34.31244],[133.12075,34.31195],[133.11793,34.31033],[133.1174,34.31014],[133.11568,34.3099],[133.11241,34.30916],[133.11198,34.30915],[133.1092,34.30967],[133.10878,34.30969],[133.10846,34.30965],[133.10799,34.30945],[133.10595,34.3082],[133.10506,34.30781],[133.105,34.30782],[133.10447,34.30758],[133.10439,34.30758],[133.10408,34.30742],[133.10258,34.30627],[133.10232,34.3061],[133.1019,34.30593],[133.10049,34.3056],[133.09985,34.30553],[133.0912,34.30601],[133.09018,34.30596],[133.08986,34.30588],[133.08964,34.30572],[133.08955,34.30559],[133.0895,34.30538],[133.08957,34.30497],[133.08936,34.30473],[133.0891,34.30459],[133.08588,34.3036],[133.08496,34.30345],[133.084,34.30342],[133.08397,34.30326],[133.08352,34.30275],[133.08309,34.30205],[133.08273,34.30081],[133.08255,34.29971],[133.08208,34.29886],[133.08141,34.29795],[133.08068,34.29742],[133.08038,34.29712],[133.07978,34.29588],[133.07946,34.29552],[133.07871,34.29497],[133.07847,34.29474],[133.07832,34.29452],[133.07745,34.29252],[133.07661,34.29087],[133.07637,34.2906],[133.07561,34.28996],[133.07482,34.2884],[133.07396,34.28725],[133.07379,34.28666],[133.07386,34.2864],[133.07406,34.28619],[133.07467,34.28578],[133.07481,34.28564],[133.07518,34.28497],[133.07589,34.28432],[133.07606,34.28408],[133.07608,34.28384],[133.07584,34.28326],[133.07521,34.2824],[133.07441,34.28065],[133.07369,34.27969],[133.07306,34.27896],[133.07275,34.27872],[133.0725,34.2786],[133.07087,34.2781],[133.07063,34.27799],[133.07002,34.27753],[133.06958,34.27702],[133.06942,34.27678],[133.06932,34.27642],[133.06928,34.27618],[133.06931,34.27538],[133.0692,34.275],[133.06844,34.27387],[133.06825,34.27341],[133.0682,34.27285],[133.06837,34.27133],[133.06839,34.2695],[133.06832,34.2692],[133.06737,34.26753],[133.06731,34.26669],[133.06734,34.26644],[133.06752,34.26615],[133.06808,34.26564],[133.06819,34.2657],[133.06824,34.26588],[133.06791,34.26612],[133.06777,34.26663],[133.06747,34.26709],[133.06752,34.26727],[133.06766,34.26736],[133.06797,34.26735],[133.06814,34.26718],[133.06821,34.26638],[133.0685,34.26596],[133.06847,34.26565],[133.06861,34.26532],[133.06943,34.26483],[133.06986,34.2642],[133.0702,34.264],[133.07028,34.26387],[133.07027,34.26354],[133.07036,34.26335],[133.0705,34.26328],[133.07091,34.26331],[133.07107,34.26325],[133.07117,34.26312],[133.0712,34.26285],[133.07126,34.26277],[133.07134,34.2627],[133.07175,34.26261],[133.07182,34.26254],[133.07195,34.26186],[133.0721,34.26158],[133.07225,34.26113],[133.07243,34.26104],[133.07271,34.26101],[133.07296,34.26087],[133.07308,34.26089],[133.07314,34.26096],[133.07307,34.26112],[133.07286,34.26115],[133.0712,34.2609],[133.07065,34.26073],[133.06946,34.2605],[133.06088,34.25889],[133.06045,34.25885],[133.05599,34.25803],[133.05467,34.25766],[133.0547,34.25752],[133.05495,34.25745],[133.05506,34.25731],[133.05531,34.25718],[133.05537,34.25704],[133.05522,34.25679],[133.05503,34.25668],[133.05481,34.25663],[133.05471,34.25648],[133.05458,34.25642],[133.05442,34.25646],[133.05418,34.25677],[133.05443,34.25699],[133.05442,34.25734],[133.05452,34.2575],[133.05445,34.25788],[133.05459,34.25795],[133.0547,34.25794],[133.05488,34.25769],[133.05519,34.2576],[133.05537,34.25743],[133.0557,34.25739],[133.05589,34.25708],[133.05587,34.25694],[133.05552,34.25682],[133.0554,34.2565],[133.05513,34.25622],[133.05507,34.25606],[133.05467,34.25597],[133.05446,34.25567],[133.05407,34.25538],[133.05382,34.25497],[133.0533,34.2548],[133.05301,34.25458],[133.05232,34.25318],[133.05237,34.25314],[133.05337,34.25294],[133.05342,34.25261],[133.0535,34.25262],[133.05367,34.25203],[133.05402,34.25112],[133.0541,34.2507],[133.05414,34.25029],[133.05412,34.24832],[133.05404,34.24711],[133.05377,34.2463],[133.05337,34.24565],[133.05193,34.24364],[133.05166,34.24305],[133.05155,34.24248],[133.05169,34.23936],[133.05159,34.23863],[133.0513,34.23733],[133.05127,34.23633],[133.05142,34.23539],[133.05224,34.232],[133.05232,34.23145],[133.05231,34.23045],[133.05205,34.22867],[133.05205,34.2283],[133.05217,34.22768],[133.05245,34.22706],[133.05265,34.22677],[133.05442,34.22476],[133.05471,34.22449],[133.05521,34.22413],[133.05537,34.22395],[133.05581,34.2237],[133.05642,34.22349],[133.05655,34.22335],[133.05659,34.22324],[133.05657,34.22294],[133.05632,34.22285],[133.05614,34.22269],[133.05608,34.22217],[133.05623,34.22183],[133.05619,34.22168],[133.05608,34.2216],[133.05521,34.22126],[133.05512,34.22117],[133.05534,34.22043],[133.0555,34.22038],[133.05563,34.22048],[133.05561,34.22073],[133.05534,34.22099],[133.05534,34.22116],[133.05545,34.22124],[133.05574,34.22124],[133.05596,34.22135],[133.05609,34.22136],[133.05637,34.22127],[133.05647,34.22114],[133.05642,34.22056],[133.05648,34.22046],[133.05674,34.22042],[133.05707,34.22047],[133.05735,34.22072],[133.0575,34.22076],[133.05777,34.22057],[133.05804,34.2205],[133.0581,34.22041],[133.05808,34.22033],[133.05792,34.22018],[133.05733,34.22024],[133.05705,34.22012],[133.05695,34.21999],[133.05692,34.21976],[133.057,34.21964],[133.05723,34.21948],[133.05722,34.21937],[133.05708,34.21932],[133.05658,34.21937],[133.05632,34.21929],[133.05623,34.21919],[133.0562,34.21903],[133.0564,34.21874],[133.05638,34.21863],[133.05623,34.21859],[133.05589,34.21867],[133.05573,34.21859],[133.05556,34.21841],[133.05515,34.21835],[133.05472,34.2179],[133.05431,34.21762],[133.0542,34.21743],[133.0541,34.21709],[133.05397,34.217],[133.05385,34.21696],[133.05371,34.21698],[133.05349,34.21735],[133.05312,34.21758],[133.05296,34.21761],[133.0528,34.21758],[133.05254,34.21742],[133.05252,34.21745],[133.05285,34.21778],[133.05293,34.21782],[133.05304,34.21779],[133.05418,34.21707],[133.05466,34.21682],[133.0587,34.21418],[133.05872,34.21413],[133.05861,34.21397],[133.0585,34.2135],[133.05825,34.21312],[133.05813,34.21308],[133.05802,34.21316],[133.05795,34.21349],[133.05804,34.21357],[133.05827,34.21351],[133.05842,34.21358],[133.05848,34.21369],[133.05852,34.21409],[133.05874,34.21433],[133.05885,34.21436],[133.05922,34.2142],[133.05953,34.21418],[133.05969,34.21432],[133.05976,34.21456],[133.05992,34.21464],[133.06088,34.21459],[133.06116,34.2145],[133.0614,34.21418],[133.0616,34.21357],[133.06168,34.21347],[133.06191,34.21342],[133.06209,34.21347],[133.06217,34.21359],[133.06205,34.21426],[133.0621,34.21471],[133.06228,34.21514],[133.06238,34.21527],[133.06251,34.21534],[133.06268,34.21531],[133.06411,34.21466],[133.06437,34.21447],[133.06465,34.21435],[133.06542,34.21432],[133.06622,34.21436],[133.06649,34.21433],[133.06821,34.21391],[133.06923,34.21289],[133.07083,34.21195],[133.07121,34.21168],[133.07141,34.21131],[133.07142,34.211],[133.07134,34.21049],[133.07138,34.21024],[133.07148,34.21004],[133.07171,34.2098],[133.07247,34.20932],[133.07277,34.20907],[133.07366,34.2078],[133.0748,34.2058],[133.07572,34.2036],[133.07659,34.20039],[133.07684,34.19992],[133.07703,34.19967],[133.07708,34.19969],[133.07715,34.19961],[133.07735,34.19933],[133.07743,34.19901],[133.07755,34.19908],[133.07779,34.19943],[133.07784,34.19958],[133.07779,34.19996],[133.07804,34.20028],[133.07806,34.2004],[133.07798,34.2005],[133.07787,34.20054],[133.07747,34.2005],[133.07694,34.20051],[133.07684,34.20062],[133.07688,34.20074],[133.07721,34.20098],[133.07786,34.20098],[133.07841,34.20069],[133.07849,34.20057],[133.07837,34.20001],[133.07819,34.19948],[133.07797,34.19892],[133.07756,34.19812],[133.07751,34.19789],[133.07498,34.19497],[133.07426,34.1943],[133.07405,34.19417],[133.07051,34.19035],[133.07048,34.19024],[133.07009,34.18974],[133.06927,34.18878],[133.0691,34.18875],[133.06886,34.18884],[133.06877,34.18903],[133.06876,34.1896],[133.06822,34.18979],[133.06814,34.18987],[133.06818,34.19004],[133.06815,34.19044],[133.06828,34.19097],[133.06819,34.19135],[133.06803,34.19143],[133.0676,34.19139],[133.06722,34.19117],[133.0672,34.19101],[133.06742,34.19085],[133.06738,34.19072],[133.06728,34.19068],[133.06714,34.19074],[133.0669,34.19116],[133.06695,34.19124],[133.06758,34.19156],[133.06818,34.19161],[133.06839,34.19156],[133.06853,34.19148],[133.06867,34.19131],[133.06873,34.19093],[133.06881,34.19084],[133.06905,34.19078],[133.06919,34.19061],[133.0694,34.19048],[133.06962,34.19042],[133.07015,34.19038],[133.07043,34.19023],[133.0713,34.18963],[133.07242,34.1887],[133.07264,34.18858],[133.07321,34.18841],[133.07342,34.1883],[133.07475,34.18714],[133.07491,34.18691],[133.07506,34.18652],[133.07516,34.18642],[133.07552,34.18625],[133.07566,34.18611],[133.07582,34.18501],[133.07633,34.18452],[133.07638,34.18425],[133.07631,34.18382],[133.07661,34.18261],[133.07647,34.18202],[133.07658,34.18182],[133.07678,34.18165],[133.07685,34.1814],[133.07679,34.18123],[133.0765,34.18091],[133.07637,34.18039],[133.076,34.17967],[133.07587,34.17827],[133.07612,34.17664],[133.07671,34.17544],[133.07603,34.1753],[133.0756,34.17514],[133.07457,34.1744],[133.07185,34.17303],[133.07133,34.17261],[133.06817,34.16893],[133.06755,34.16846],[133.06645,34.1678],[133.06543,34.167],[133.06415,34.16643],[133.0638,34.16607],[133.06372,34.16564],[133.0638,34.16537],[133.06403,34.16508],[133.06564,34.1643],[133.06665,34.16372],[133.06688,34.16352],[133.06703,34.16329],[133.06711,34.16273],[133.06705,34.16145],[133.06696,34.16108],[133.06665,34.16035],[133.06655,34.15952],[133.06636,34.15914],[133.06454,34.15704],[133.06378,34.15609],[133.06328,34.15564],[133.06105,34.15418],[133.05953,34.15298],[133.05884,34.15257],[133.05778,34.15212],[133.05734,34.15186],[133.05693,34.15149],[133.05558,34.14991],[133.05525,34.14962],[133.05498,34.1495],[133.05462,34.14942],[133.05228,34.14912],[133.0519,34.14901],[133.05072,34.14847],[133.0494,34.14774],[133.04855,34.14737],[133.0479,34.14714],[133.04521,34.14634],[133.04511,34.14571],[133.04486,34.14556],[133.04447,34.14521],[133.04417,34.14476],[133.04367,34.14452],[133.04336,34.14419],[133.04319,34.1438],[133.04304,34.1436],[133.04267,34.14335],[133.04261,34.14299],[133.04249,34.14272],[133.04152,34.14182],[133.04147,34.14134],[133.04123,34.14092],[133.04108,34.14053],[133.04088,34.14033],[133.04089,34.14004],[133.04112,34.13952],[133.0412,34.13889],[133.04109,34.13878],[133.04338,34.13685],[133.04374,34.13639],[133.04383,34.13601],[133.04375,34.13546],[133.04368,34.1353],[133.04342,34.13498],[133.04306,34.13474],[133.03776,34.13258],[133.0372,34.13232],[133.03622,34.13171],[133.03582,34.13154],[133.03537,34.13144],[133.03392,34.13135],[133.0336,34.13126],[133.03261,34.1307],[133.02775,34.12917],[133.02715,34.12884],[133.02647,34.12815],[133.02606,34.12787],[133.02357,34.12697],[133.0231,34.12682],[133.02284,34.12682],[133.02282,34.12675],[133.02261,34.12688],[133.02221,34.1276],[133.02193,34.12792],[133.02174,34.12806],[133.02087,34.12849],[133.02083,34.12857],[133.02046,34.12851],[133.01995,34.12828],[133.01975,34.12824],[133.01954,34.12826],[133.01934,34.12834],[133.01915,34.12851],[133.01836,34.12962],[133.01874,34.12979],[133.01919,34.1298],[133.01952,34.13005],[133.01953,34.13013],[133.01946,34.13021],[133.01907,34.13033],[133.01893,34.13048],[133.01892,34.13086],[133.01909,34.13114],[133.01909,34.1313],[133.01914,34.13134],[133.0193,34.13134],[133.01938,34.13121],[133.01919,34.13111],[133.0191,34.131],[133.01912,34.13057],[133.01924,34.13043],[133.01953,34.13034],[133.01969,34.13023],[133.01983,34.13007],[133.01976,34.1299],[133.01951,34.12979],[133.01928,34.12962],[133.01872,34.12953],[133.01756,34.12888],[133.01749,34.12879],[133.0174,34.12845],[133.01733,34.12839],[133.01722,34.12837],[133.01678,34.12843],[133.01611,34.12815],[133.01605,34.12802],[133.01616,34.12772],[133.0161,34.12759],[133.01596,34.1275],[133.01575,34.1275],[133.01553,34.12762],[133.01549,34.12782],[133.01563,34.12799],[133.01641,34.12819],[133.01657,34.12815],[133.01667,34.12807],[133.01674,34.12785],[133.01669,34.12771],[133.01658,34.12761],[133.01597,34.12731],[133.01526,34.12706],[133.01513,34.12693],[133.01492,34.12682],[133.0101,34.12497],[133.00988,34.12489],[133.00967,34.12487],[133.00934,34.12468],[133.00545,34.12319],[133.00521,34.12317],[133.00496,34.12301],[132.99698,34.11997],[132.99639,34.11986],[132.99511,34.11937],[132.99483,34.11933],[132.99462,34.11918],[132.99389,34.1189],[132.99243,34.11846],[132.99236,34.11837],[132.99227,34.11833],[132.99217,34.11836],[132.9916,34.11805],[132.99078,34.11771],[132.98982,34.11736],[132.98966,34.11736],[132.98946,34.11729],[132.98929,34.11718],[132.97971,34.11355],[132.97927,34.11346],[132.97905,34.11328],[132.97833,34.11289],[132.97776,34.11248],[132.97714,34.11187],[132.97668,34.11123],[132.97636,34.11099],[132.97603,34.11089],[132.9758,34.11091],[132.97544,34.11116],[132.97529,34.11156],[132.97539,34.11176],[132.97551,34.11185],[132.97567,34.1119],[132.97669,34.11188],[132.97686,34.11178],[132.9769,34.11164],[132.97684,34.11151],[132.97649,34.11112],[132.97633,34.11102],[132.97621,34.11102],[132.97604,34.11109],[132.97595,34.11124],[132.97576,34.11122],[132.97563,34.11126],[132.97548,34.11141],[132.97545,34.11155],[132.97559,34.11177],[132.97584,34.11184],[132.97621,34.11173],[132.97645,34.11159],[132.97658,34.1114],[132.9766,34.1112],[132.97638,34.11062],[132.9762,34.11034],[132.97652,34.11001],[132.97695,34.10985]]]},"properties":{"id":457,"name":"しまなみ海道","group":"Setouchi routes","distance_km":70.0,"elev_up_m":508,"intro_url":"https://setouchivelo.jp/route/route-349/","profile":[[0.0,5],[0.88,4],[2.24,3],[3.27,7],[4.07,2],[4.8,1],[5.41,4],[5.96,3],[6.39,0],[6.84,10],[7.4,0],[7.96,16],[8.57,5],[8.95,17],[9.21,39],[9.5,31],[9.77,53],[10.22,24],[11.24,41],[11.6,44],[11.78,30],[11.96,32],[12.34,12],[13.1,3],[14.12,3],[15.45,12],[17.43,23],[19.24,8],[20.6,5],[21.58,16],[22.18,32],[22.87,21],[23.96,28],[24.47,11],[25.77,5],[27.14,0],[29.68,4],[31.61,0],[33.52,2],[34.91,2],[36.56,9],[37.39,34],[39.21,32],[39.69,34],[39.99,25],[40.34,19],[42.26,1],[44.58,16],[45.01,28],[45.45,37],[46.05,40],[47.05,33],[47.68,31],[49.02,7],[50.37,22],[51.32,23],[52.32,37],[52.75,21],[53.59,15],[54.4,9],[55.2,4],[57.03,65],[58.29,45],[59.73,8],[60.85,6],[62.4,11],[63.93,2],[64.4,8],[64.85,21],[65.14,22],[65.53,30],[65.82,33],[66.48,0],[67.03,0],[67.91,75],[68.32,56],[68.62,58],[69.52,0],[69.97,60],[70.36,58],[70.71,54],[70.94,44]],"desc":"距離：70km\r\nJR尾道駅～サンライズ糸山\r\nhttps://setouchivelo.jp/route/route-349/","elev_src":"source","weight":3,"opacity":1}},{"type":"Feature","geometry":{"type":"MultiLineString","coordinates":[[[133.14369,34.28542],[133.14404,34.28504],[133.14431,34.28484],[133.14473,34.28426],[133.14501,34.28344],[133.14514,34.28286],[133.14518,34.28244],[133.14515,34.28151],[133.14473,34.28016],[133.14479,34.2795],[133.14513,34.27866],[133.14543,34.27853],[133.14624,34.27893],[133.14732,34.27916],[133.14747,34.27926],[133.14762,34.27917],[133.148,34.27907],[133.14821,34.27891],[133.14874,34.27868],[133.14885,34.27951],[133.15035,34.27895],[133.15183,34.27825],[133.15209,34.27803],[133.15248,34.27733],[133.15309,34.27689],[133.15364,34.2759],[133.15416,34.27544],[133.1549,34.27491],[133.15566,34.2739],[133.1564,34.2734],[133.1569,34.27261],[133.15812,34.27131],[133.1583,34.27128],[133.1585,34.27109],[133.15942,34.26931],[133.1593,34.2691],[133.15891,34.26881],[133.15859,34.26816],[133.1582,34.26766],[133.15809,34.26705],[133.15781,34.26651],[133.15779,34.26634],[133.15792,34.26606],[133.15821,34.26568],[133.15859,34.26501],[133.15901,34.26466],[133.15915,34.26414],[133.15943,34.26356],[133.15974,34.2624],[133.15969,34.26204],[133.15955,34.26169],[133.15956,34.26142],[133.15964,34.26118],[133.16007,34.26066],[133.16079,34.26004],[133.16097,34.2598],[133.16122,34.25902],[133.16123,34.25874],[133.16107,34.25807],[133.16082,34.25752],[133.16115,34.25744],[133.16202,34.25748],[133.16272,34.25738],[133.16291,34.2574],[133.16314,34.2575],[133.16334,34.2577],[133.16364,34.25828],[133.16397,34.2586],[133.17133,34.26375],[133.1724,34.26441],[133.17291,34.26458],[133.1734,34.26468],[133.17516,34.26474],[133.17644,34.26493],[133.17599,34.26545],[133.17558,34.26623],[133.1754,34.26643],[133.1723,34.26804],[133.1727,34.26875],[133.1729,34.26886],[133.17327,34.26888],[133.17359,34.26949],[133.17327,34.27047],[133.17326,34.27091],[133.17406,34.27113],[133.17394,34.27205],[133.17317,34.27259],[133.17273,34.27275],[133.17271,34.27315],[133.17209,34.27415],[133.17209,34.2745],[133.17177,34.27475],[133.17173,34.27483],[133.17152,34.27486],[133.17111,34.27582],[133.17059,34.2761],[133.17018,34.27618],[133.16998,34.27616],[133.1696,34.27599],[133.16897,34.27657],[133.16826,34.27762],[133.16799,34.27783],[133.16745,34.27803],[133.16733,34.27813],[133.16729,34.27825],[133.16735,34.27883],[133.16727,34.27933],[133.16729,34.27987],[133.16742,34.28036],[133.16805,34.28127],[133.16804,34.28152],[133.16783,34.28223],[133.16783,34.2824],[133.16796,34.28271],[133.16807,34.28283],[133.1683,34.28296],[133.1693,34.28316],[133.16987,34.2834],[133.17014,34.28357],[133.1705,34.28393],[133.17079,34.28391],[133.172,34.28331],[133.17234,34.28323],[133.17265,34.28325],[133.17338,34.28344],[133.17418,34.28389],[133.17445,34.28393],[133.17475,34.28375],[133.17546,34.28307],[133.17606,34.28231],[133.17628,34.28162],[133.17647,34.28052],[133.17625,34.27999],[133.17627,34.27961],[133.17721,34.27792],[133.17738,34.27771],[133.17763,34.2775],[133.17813,34.27737],[133.17862,34.27709],[133.18144,34.27647],[133.18173,34.27631],[133.18191,34.27615],[133.18205,34.27591],[133.18238,34.2744],[133.18249,34.27421],[133.18299,34.2737],[133.18308,34.27351],[133.18312,34.27282],[133.18344,34.2712],[133.18364,34.27047],[133.1838,34.27017],[133.18455,34.26924],[133.18471,34.26896],[133.18468,34.26851],[133.18497,34.26789],[133.18507,34.26668],[133.18517,34.26635],[133.18525,34.26628],[133.18545,34.26525],[133.18625,34.26329],[133.18622,34.26268],[133.1864,34.26213],[133.18638,34.26152],[133.18661,34.26098],[133.18671,34.26052],[133.1867,34.26033],[133.18656,34.25988],[133.18617,34.25978],[133.18605,34.25964],[133.18603,34.25892],[133.18589,34.25871],[133.18563,34.25861],[133.18541,34.25865],[133.18521,34.25883],[133.185,34.25927],[133.18478,34.25935],[133.18451,34.25928],[133.1844,34.25914],[133.18443,34.25893],[133.18453,34.25882],[133.18966,34.2563],[133.19057,34.25589],[133.19105,34.25572],[133.19154,34.25561],[133.19197,34.25557],[133.19247,34.25558],[133.19306,34.25569],[133.19298,34.25623],[133.19284,34.2564],[133.19253,34.2565],[133.19203,34.25657],[133.19182,34.25657],[133.19108,34.25641],[133.19038,34.25673],[133.19018,34.25676],[133.19004,34.25674],[133.18979,34.25662],[133.18964,34.25646],[133.18957,34.25625],[133.18944,34.25529],[133.18996,34.25524],[133.19032,34.25508],[133.19023,34.2548],[133.19027,34.25458],[133.19004,34.25439],[133.19072,34.25424],[133.19129,34.25422],[133.1913,34.25409],[133.19107,34.25398],[133.19142,34.25383],[133.19167,34.25364],[133.19178,34.25349],[133.1922,34.25327],[133.1924,34.25331],[133.19274,34.25346],[133.19322,34.2534],[133.1934,34.25367],[133.19385,34.25373],[133.19409,34.25399],[133.19425,34.25426],[133.19492,34.25441],[133.19518,34.25442],[133.19516,34.25458],[133.19524,34.2549],[133.19663,34.25474],[133.19727,34.25463],[133.19789,34.25446],[133.2023,34.25266],[133.20254,34.25242],[133.20268,34.25191],[133.20294,34.25171],[133.2046,34.25139],[133.20474,34.2516],[133.20507,34.25189],[133.20582,34.2511],[133.20604,34.251],[133.20622,34.25102],[133.20711,34.25135],[133.20799,34.25188],[133.2091,34.25208],[133.20949,34.25249],[133.20979,34.25258],[133.20994,34.25256],[133.21013,34.25247],[133.21026,34.25232],[133.21047,34.25153],[133.21102,34.25075],[133.21097,34.25072],[133.21041,34.25151],[133.21024,34.25221],[133.21016,34.25236],[133.21004,34.25246],[133.20987,34.25252],[133.20953,34.25245],[133.20924,34.25211],[133.20907,34.25201],[133.20807,34.25185],[133.20735,34.2514],[133.20612,34.25095],[133.20594,34.25097],[133.20579,34.25105],[133.20501,34.25187],[133.20564,34.25247],[133.20579,34.25272],[133.20595,34.25325],[133.20618,34.25373],[133.20673,34.2542],[133.20665,34.25493],[133.20668,34.25501],[133.20609,34.25504],[133.20599,34.25513],[133.20583,34.25542],[133.20553,34.25567],[133.20549,34.25584],[133.20571,34.25632],[133.20586,34.25684],[133.20489,34.25698],[133.20495,34.25782],[133.20476,34.25784],[133.20478,34.25794],[133.20433,34.25796],[133.20421,34.25827],[133.20399,34.25854],[133.20374,34.25871],[133.20303,34.259],[133.20283,34.25998],[133.20207,34.26018],[133.20137,34.2605],[133.20107,34.2607],[133.20092,34.26176],[133.20077,34.26204],[133.20024,34.26272],[133.2002,34.26317],[133.20013,34.26325],[133.2003,34.26358],[133.20063,34.26542],[133.20169,34.26798],[133.20204,34.26929],[133.20218,34.26954],[133.20327,34.27052],[133.20375,34.27103],[133.20414,34.27126],[133.20433,34.27149],[133.20484,34.27174],[133.20499,34.27191],[133.20521,34.27241],[133.20548,34.27266],[133.20597,34.27288],[133.20644,34.2732],[133.20756,34.27383],[133.20775,34.27391],[133.20871,34.27408],[133.20907,34.27424],[133.20932,34.27445],[133.21004,34.27524],[133.21035,34.27566],[133.21038,34.27579],[133.21025,34.27643],[133.21044,34.27707],[133.20845,34.27757],[133.20623,34.27794],[133.19996,34.27866],[133.19919,34.27889],[133.19896,34.27905],[133.19882,34.27926]]]},"properties":{"id":"shima-yumeshimakaido","name":"ゆめしま海道","group":"Setouchi routes","source":"touring-shimanami","distance_km":22.5,"elev_up_m":292,"intro_url":"https://touring-shimanami.com/gpx-shimanamikaido/","profile":[[0.0,0],[0.26,0],[0.63,0],[0.92,3],[1.09,13],[1.42,3],[1.77,17],[2.18,2],[2.57,0],[2.88,3],[3.16,7],[3.35,12],[3.66,31],[3.8,25],[4.09,20],[4.29,47],[4.48,41],[5.51,17],[5.89,32],[6.21,11],[6.69,6],[7.0,6],[7.28,9],[7.5,6],[7.73,5],[8.0,13],[8.12,10],[8.36,15],[8.6,6],[8.78,23],[8.95,10],[9.21,26],[9.45,2],[9.82,7],[10.13,4],[10.53,1],[10.78,4],[11.14,3],[11.41,3],[11.71,6],[12.14,5],[12.38,9],[12.51,13],[12.67,13],[12.79,24],[13.4,5],[13.63,28],[13.81,18],[13.98,6],[14.11,2],[14.32,11],[14.44,10],[14.6,15],[14.73,28],[14.86,39],[15.04,21],[15.24,2],[15.85,17],[16.13,14],[16.32,11],[16.67,12],[16.76,1],[17.05,6],[17.19,6],[17.38,11],[17.62,9],[17.91,10],[18.13,4],[18.28,9],[18.5,6],[18.67,4],[18.84,4],[19.13,12],[19.43,4],[19.98,12],[20.38,14],[20.54,9],[20.74,9],[21.01,7],[21.22,5],[21.77,0],[22.48,2]],"elev_src":"srtm","weight":3}},{"type":"Feature","geometry":{"type":"MultiLineString","coordinates":[[[132.99379,34.0646],[132.99421,34.06493],[132.99239,34.06646],[132.99086,34.06766],[132.98949,34.06888],[132.988,34.07052],[132.98746,34.0712],[132.98715,34.07169],[132.9867,34.07267],[132.98626,34.07383],[132.98583,34.0753],[132.9845,34.0823],[132.98437,34.08357],[132.98438,34.08421],[132.98474,34.0859],[132.98477,34.08617],[132.98472,34.08678],[132.98458,34.0873],[132.9844,34.08769],[132.98411,34.08813],[132.98349,34.08884],[132.98336,34.08907],[132.98327,34.08944],[132.98336,34.0901],[132.98177,34.09055],[132.98119,34.09076],[132.98057,34.09105],[132.97754,34.09309],[132.97621,34.09406],[132.97541,34.09485],[132.97497,34.09515],[132.97502,34.09527],[132.97425,34.09644],[132.97339,34.09836],[132.97317,34.09929],[132.9732,34.10018],[132.97448,34.10584],[132.97463,34.10621],[132.97478,34.10638],[132.9756,34.10683],[132.9758,34.10698],[132.97593,34.10715],[132.97604,34.10809],[132.97582,34.10874],[132.97573,34.10941],[132.97576,34.10968],[132.97598,34.11016],[132.97614,34.11037],[132.97619,34.11034],[132.97638,34.11062],[132.9766,34.1112],[132.97654,34.11148],[132.97645,34.11159],[132.97621,34.11173],[132.97595,34.11182],[132.97577,34.11183],[132.97559,34.11177],[132.97546,34.11161],[132.97548,34.11141],[132.97563,34.11126],[132.97576,34.11122],[132.97595,34.11123],[132.97605,34.11107],[132.97629,34.111],[132.97641,34.11105],[132.97675,34.11139],[132.9769,34.11169],[132.97684,34.1118],[132.97669,34.11188],[132.97567,34.1119],[132.97551,34.11185],[132.97531,34.11165],[132.97532,34.11139],[132.97552,34.11108],[132.9758,34.11091],[132.9761,34.1109],[132.9763,34.11096],[132.97659,34.11114],[132.97732,34.11206]]]},"properties":{"id":"shima-imabari-main-route","name":"今治（今治駅〜来島海峡大橋）","group":"Setouchi routes","source":"touring-shimanami","distance_km":6.9,"elev_up_m":145,"intro_url":"https://touring-shimanami.com/gpx-shimanamikaido/","profile":[[0.0,8],[0.05,11],[0.29,5],[0.49,7],[0.67,7],[0.9,6],[0.99,8],[1.05,6],[1.17,11],[1.3,9],[1.47,4],[2.26,7],[2.4,5],[2.47,5],[2.66,6],[2.69,6],[2.76,7],[2.82,9],[2.87,10],[2.92,14],[3.02,9],[3.05,8],[3.09,6],[3.16,8],[3.32,13],[3.38,14],[3.44,16],[3.8,14],[3.97,11],[4.08,8],[4.13,9],[4.15,10],[4.3,6],[4.52,5],[4.63,2],[4.73,2],[5.37,10],[5.41,12],[5.43,13],[5.53,14],[5.55,16],[5.57,18],[5.68,26],[5.75,25],[5.83,21],[5.86,27],[5.91,40],[5.94,43],[5.95,43],[5.98,45],[6.05,57],[6.08,55],[6.1,52],[6.12,50],[6.15,50],[6.17,50],[6.18,48],[6.21,42],[6.23,38],[6.25,39],[6.26,41],[6.28,44],[6.3,45],[6.32,49],[6.34,52],[6.39,58],[6.42,60],[6.44,58],[6.45,55],[6.55,50],[6.56,48],[6.59,39],[6.62,36],[6.66,36],[6.69,41],[6.72,45],[6.74,49],[6.77,58],[6.89,63]],"elev_src":"srtm"}},{"type":"Feature","geometry":{"type":"MultiLineString","coordinates":[[[133.01825,34.13012],[133.01823,34.12987],[133.0183,34.1297],[133.01929,34.12837],[133.01949,34.12827],[133.0198,34.12824],[133.0206,34.12855],[133.02083,34.12857],[133.02096,34.12852],[133.02164,34.12818],[133.02198,34.12796],[133.02224,34.12766],[133.02271,34.12689],[133.02291,34.1268],[133.0231,34.12682],[133.02606,34.12787],[133.02647,34.12815],[133.02715,34.12884],[133.02775,34.12917],[133.03261,34.1307],[133.03335,34.13115],[133.03369,34.13129],[133.03416,34.13138],[133.03537,34.13144],[133.03582,34.13154],[133.03622,34.13171],[133.0372,34.13232],[133.03776,34.13258],[133.0412,34.13401],[133.04251,34.1345],[133.04318,34.13481],[133.04353,34.1351],[133.04375,34.13546],[133.04383,34.13601],[133.04374,34.13639],[133.04351,34.13673],[133.04136,34.13854],[133.04079,34.13913],[133.04045,34.13979],[133.04036,34.14015],[133.04032,34.14063],[133.04041,34.14118],[133.04069,34.14193],[133.04078,34.14202],[133.04088,34.14195],[133.04096,34.14203],[133.04389,34.14553],[133.04438,34.14594],[133.04482,34.14619],[133.04522,34.14635],[133.04764,34.14706],[133.04855,34.14737],[133.0494,34.14774],[133.05072,34.14847],[133.0519,34.14901],[133.05246,34.14915],[133.05462,34.14942],[133.05498,34.1495],[133.05528,34.14964],[133.05558,34.14991],[133.05693,34.15149],[133.05734,34.15186],[133.05778,34.15212],[133.05902,34.15262],[133.05956,34.15295],[133.06123,34.15429],[133.06288,34.15534],[133.06328,34.15564],[133.06378,34.15609],[133.06454,34.15704],[133.06636,34.15914],[133.06655,34.15952],[133.06665,34.16035],[133.06696,34.16108],[133.06705,34.16145],[133.06711,34.16273],[133.06703,34.16329],[133.06688,34.16352],[133.06665,34.16372],[133.06564,34.1643],[133.06403,34.16508],[133.0638,34.16537],[133.06374,34.16554],[133.06372,34.16581],[133.0638,34.16607],[133.0641,34.1664],[133.06543,34.167],[133.06645,34.1678],[133.06755,34.16846],[133.06809,34.16886],[133.07124,34.17251],[133.07178,34.17298],[133.07203,34.17314],[133.07457,34.1744],[133.0756,34.17514],[133.07603,34.1753],[133.07671,34.17544],[133.07612,34.17664],[133.07587,34.17827],[133.076,34.17967],[133.07637,34.18039],[133.0765,34.18091],[133.07679,34.18123],[133.07685,34.18144],[133.07676,34.18167],[133.07658,34.18182],[133.07647,34.182],[133.07661,34.18261],[133.07631,34.18382],[133.07637,34.18441],[133.07626,34.18461],[133.07582,34.18501],[133.07566,34.18611],[133.07552,34.18625],[133.07516,34.18642],[133.07502,34.18658],[133.07481,34.18708],[133.07411,34.18764],[133.07345,34.18826],[133.07317,34.18842],[133.07267,34.18856],[133.07242,34.18868],[133.07117,34.18969],[133.07046,34.1902],[133.07011,34.19038],[133.06961,34.19041],[133.06939,34.19047],[133.06918,34.1906],[133.06902,34.19078]]]},"properties":{"id":"shima-oshima-main-route","name":"大島 メインルート","group":"Setouchi routes","source":"touring-shimanami","distance_km":11.5,"elev_up_m":230,"intro_url":"https://touring-shimanami.com/gpx-shimanamikaido/","profile":[[0.0,4],[0.03,5],[0.05,6],[0.22,9],[0.24,9],[0.27,7],[0.35,5],[0.37,7],[0.39,7],[0.46,2],[0.5,3],[0.54,5],[0.64,3],[0.66,2],[0.68,2],[0.97,25],[1.02,25],[1.12,35],[1.19,33],[1.67,28],[1.75,24],[1.78,23],[1.83,25],[1.94,23],[1.98,17],[2.02,16],[2.14,8],[2.2,11],[2.55,14],[2.68,9],[2.75,10],[2.8,11],[2.84,11],[2.91,12],[2.95,12],[2.99,11],[3.27,9],[3.36,3],[3.44,3],[3.48,3],[3.53,3],[3.59,2],[3.68,1],[3.69,0],[3.71,0],[3.72,1],[4.19,3],[4.26,3],[4.31,4],[4.35,6],[4.58,7],[4.67,6],[4.76,3],[4.91,8],[5.03,7],[5.09,7],[5.29,7],[5.32,9],[5.35,10],[5.39,14],[5.61,14],[5.66,17],[5.71,19],[5.84,25],[5.9,34],[6.12,35],[6.31,42],[6.36,47],[6.43,49],[6.55,52],[6.84,68],[6.89,69],[6.98,72],[7.06,77],[7.11,75],[7.25,62],[7.31,64],[7.34,65],[7.37,65],[7.48,59],[7.66,59],[7.69,48],[7.71,44],[7.74,43],[7.77,42],[7.82,37],[7.96,28],[8.09,22],[8.21,26],[8.28,27],[8.78,14],[8.85,14],[8.88,15],[9.15,6],[9.28,7],[9.32,6],[9.39,6],[9.53,4],[9.71,5],[9.87,9],[9.96,7],[10.02,9],[10.06,5],[10.08,7],[10.11,11],[10.13,15],[10.16,15],[10.23,9],[10.36,17],[10.43,2],[10.45,5],[10.51,13],[10.64,9],[10.66,9],[10.69,20],[10.72,18],[10.78,6],[10.87,4],[10.96,9],[10.99,10],[11.04,16],[11.06,15],[11.22,33],[11.31,1],[11.35,2],[11.39,5],[11.42,8],[11.44,8],[11.46,7]],"elev_src":"srtm"}},{"type":"Feature","geometry":{"type":"MultiLineString","coordinates":[[[133.07742,34.19901],[133.07734,34.19935],[133.07709,34.1997],[133.07704,34.19967],[133.07687,34.19989],[133.07659,34.20039],[133.07571,34.2036],[133.0748,34.2058],[133.07366,34.2078],[133.07287,34.20895],[133.07254,34.20927],[133.07171,34.2098],[133.07148,34.21004],[133.07138,34.21024],[133.07134,34.21049],[133.07142,34.211],[133.07141,34.21131],[133.07131,34.21154],[133.0711,34.21178],[133.06923,34.21289],[133.06886,34.21324],[133.0687,34.2135],[133.06817,34.21396],[133.06634,34.21438],[133.06542,34.21435],[133.06466,34.21438],[133.06444,34.21446],[133.06407,34.21471],[133.0626,34.21538],[133.06237,34.21534],[133.06228,34.21525],[133.06206,34.21472],[133.06202,34.21418],[133.06214,34.21362],[133.06203,34.21348],[133.06183,34.21346],[133.06168,34.21354],[133.06146,34.21416],[133.06128,34.21446],[133.06114,34.21458],[133.06096,34.21463],[133.05999,34.21469],[133.05977,34.21465],[133.05967,34.21453],[133.05958,34.21426],[133.05949,34.21421],[133.05923,34.21423],[133.0589,34.21439],[133.05872,34.21436],[133.05848,34.21409],[133.05839,34.21363],[133.05827,34.21356],[133.0581,34.21361]]]},"properties":{"id":"shima-hakatajima-main-route","name":"伯方島 メインルート","group":"Setouchi routes","source":"touring-shimanami","distance_km":3.3,"elev_up_m":85,"intro_url":"https://touring-shimanami.com/gpx-shimanamikaido/","profile":[[0.0,9],[0.04,9],[0.08,6],[0.09,6],[0.12,4],[0.18,0],[0.55,5],[0.8,7],[1.05,4],[1.2,8],[1.24,7],[1.34,11],[1.37,13],[1.4,14],[1.43,16],[1.48,19],[1.52,22],[1.55,25],[1.58,26],[1.79,15],[1.84,16],[1.87,16],[1.94,15],[2.12,23],[2.2,28],[2.27,39],[2.3,40],[2.34,36],[2.49,30],[2.52,30],[2.53,31],[2.59,37],[2.65,35],[2.71,34],[2.73,36],[2.75,38],[2.77,39],[2.84,38],[2.88,39],[2.9,38],[2.91,39],[3.0,41],[3.02,38],[3.04,39],[3.07,42],[3.08,42],[3.1,39],[3.14,33],[3.16,33],[3.19,35],[3.25,42],[3.26,41],[3.28,38]],"elev_src":"srtm"}},{"type":"Feature","geometry":{"type":"MultiLineString","coordinates":[[[133.05254,34.21742],[133.05283,34.21759],[133.05312,34.21758],[133.05349,34.21735],[133.05371,34.21698],[133.05385,34.21696],[133.05397,34.217],[133.0541,34.21709],[133.0542,34.21743],[133.05431,34.21762],[133.05472,34.2179],[133.05515,34.21835],[133.05556,34.21841],[133.05573,34.21859],[133.05589,34.21867],[133.05623,34.21859],[133.05638,34.21863],[133.0564,34.21874],[133.0562,34.21903],[133.05623,34.21919],[133.05632,34.21929],[133.05658,34.21937],[133.05708,34.21932],[133.05722,34.21937],[133.0572,34.21952],[133.057,34.21964],[133.05692,34.21976],[133.05695,34.21999],[133.05705,34.22012],[133.05733,34.22024],[133.05792,34.22018],[133.05808,34.22033],[133.0581,34.22041],[133.05804,34.2205],[133.05777,34.22057],[133.0575,34.22076],[133.05735,34.22072],[133.05707,34.22047],[133.05674,34.22042],[133.05648,34.22046],[133.05642,34.22056],[133.05647,34.22114],[133.05634,34.22129],[133.05609,34.22136],[133.05596,34.22135],[133.05574,34.22124],[133.05545,34.22124],[133.05534,34.22116],[133.05532,34.22103],[133.05558,34.22078],[133.05563,34.22057],[133.05562,34.22046],[133.05553,34.22039],[133.05539,34.22039],[133.05534,34.22043],[133.05512,34.22117],[133.05521,34.22126],[133.05608,34.2216],[133.05621,34.22171],[133.05622,34.22187],[133.05608,34.22217],[133.05612,34.22259],[133.05619,34.22276],[133.05652,34.22293],[133.0565,34.22334],[133.05639,34.22345],[133.0557,34.2237],[133.05534,34.22392],[133.05518,34.2241],[133.05467,34.22446],[133.05438,34.22473],[133.05268,34.22665],[133.0524,34.22704],[133.05212,34.22767],[133.05199,34.22839],[133.05204,34.22904],[133.05207,34.22921],[133.05213,34.22921],[133.05229,34.23026],[133.05232,34.23145],[133.05212,34.23254],[133.05135,34.23572],[133.05126,34.23663],[133.0513,34.23733],[133.05159,34.23863],[133.05169,34.23936],[133.05155,34.24248],[133.05166,34.24305],[133.05185,34.2435],[133.05358,34.24596],[133.05384,34.24646],[133.05402,34.24701],[133.0541,34.24763],[133.05414,34.25029],[133.05402,34.25112],[133.05363,34.2521],[133.05347,34.25281],[133.05348,34.25348],[133.05371,34.25444],[133.05369,34.25469],[133.05358,34.25497],[133.05371,34.25504],[133.05406,34.2555],[133.05438,34.2557],[133.05461,34.25601],[133.05483,34.25616],[133.05502,34.25641],[133.05536,34.25661],[133.05547,34.25687],[133.05578,34.25699],[133.05582,34.25706],[133.05564,34.25741],[133.05537,34.25743],[133.05519,34.2576],[133.05484,34.25772],[133.05472,34.25793],[133.05451,34.25793],[133.05444,34.25785],[133.05452,34.2575],[133.05442,34.25734],[133.05443,34.25699],[133.05418,34.25677],[133.05427,34.25661],[133.05445,34.25644],[133.05466,34.25645],[133.05481,34.25663],[133.05512,34.25672],[133.05525,34.25682],[133.05537,34.25704],[133.05531,34.25718],[133.05506,34.25731],[133.05495,34.25745],[133.0547,34.25752],[133.05468,34.25767]]]},"properties":{"id":"shima-omishima-main-route","name":"大三島 メインルート","group":"Setouchi routes","source":"touring-shimanami","distance_km":6.4,"elev_up_m":167,"intro_url":"https://touring-shimanami.com/gpx-shimanamikaido/","profile":[[0.0,37],[0.03,38],[0.06,38],[0.1,35],[0.15,30],[0.16,31],[0.17,32],[0.19,34],[0.23,38],[0.25,38],[0.3,37],[0.36,43],[0.4,38],[0.43,46],[0.44,45],[0.48,34],[0.49,33],[0.5,34],[0.54,45],[0.56,45],[0.57,44],[0.6,41],[0.64,29],[0.66,27],[0.68,29],[0.7,39],[0.71,45],[0.74,47],[0.76,44],[0.78,42],[0.84,31],[0.86,28],[0.87,28],[0.88,29],[0.91,34],[0.94,28],[0.96,29],[0.99,37],[1.02,38],[1.05,34],[1.06,30],[1.13,23],[1.15,21],[1.17,17],[1.18,15],[1.21,15],[1.23,12],[1.25,13],[1.26,15],[1.3,17],[1.32,17],[1.33,18],[1.34,17],[1.36,17],[1.36,16],[1.45,11],[1.46,10],[1.55,9],[1.57,8],[1.59,5],[1.62,5],[1.67,7],[1.69,8],[1.72,5],[1.77,8],[1.79,9],[1.85,6],[1.9,5],[1.92,5],[1.98,8],[2.02,9],[2.29,4],[2.34,3],[2.41,4],[2.49,5],[2.57,7],[2.58,7],[2.59,7],[2.71,5],[2.84,7],[2.96,5],[3.32,7],[3.42,7],[3.5,4],[3.65,1],[3.73,2],[4.08,4],[4.14,3],[4.2,3],[4.51,4],[4.57,3],[4.64,2],[4.71,0],[5.0,0],[5.09,-1],[5.21,3],[5.29,2],[5.36,5],[5.47,7],[5.5,9],[5.53,11],[5.55,11],[5.61,18],[5.64,17],[5.68,22],[5.71,23],[5.74,26],[5.78,25],[5.81,29],[5.84,26],[5.85,27],[5.9,30],[5.92,33],[5.95,34],[5.98,38],[6.01,34],[6.03,31],[6.04,32],[6.08,37],[6.1,34],[6.13,35],[6.17,33],[6.19,36],[6.21,37],[6.23,34],[6.26,37],[6.29,34],[6.3,34],[6.33,34],[6.35,36],[6.37,42],[6.39,42],[6.42,41],[6.43,39]],"elev_src":"srtm"}},{"type":"Feature","geometry":{"type":"MultiLineString","coordinates":[[[133.07235,34.26109],[133.07298,34.26115],[133.07307,34.26112],[133.07315,34.261],[133.07308,34.26089],[133.07296,34.26087],[133.07271,34.26101],[133.07243,34.26104],[133.07226,34.26112],[133.07195,34.26186],[133.07182,34.26254],[133.07175,34.26261],[133.07134,34.2627],[133.07126,34.26277],[133.0712,34.26285],[133.07117,34.26312],[133.07107,34.26325],[133.07091,34.26331],[133.0705,34.26328],[133.07036,34.26335],[133.07028,34.26348],[133.07029,34.26382],[133.0702,34.264],[133.06986,34.2642],[133.06943,34.26483],[133.06861,34.26532],[133.06848,34.26559],[133.0685,34.26596],[133.06821,34.26638],[133.06814,34.26718],[133.06797,34.26735],[133.06776,34.26738],[133.06762,34.26734],[133.0675,34.26725],[133.06746,34.26709],[133.06776,34.26662],[133.06788,34.26613],[133.06822,34.26587],[133.06818,34.26569],[133.06806,34.26563],[133.06747,34.26619],[133.06733,34.26643],[133.06737,34.26753],[133.06827,34.2691],[133.06839,34.2695],[133.06837,34.27133],[133.0682,34.27285],[133.06825,34.27341],[133.06844,34.27387],[133.0692,34.275],[133.06931,34.27538],[133.06928,34.27618],[133.06932,34.27642],[133.06942,34.27678],[133.06958,34.27702],[133.07002,34.27753],[133.07063,34.27799],[133.07087,34.2781],[133.0725,34.2786],[133.0728,34.27875],[133.07306,34.27896],[133.07369,34.27969],[133.07441,34.28065],[133.07461,34.28101],[133.07521,34.2824],[133.07584,34.28326],[133.07608,34.28384],[133.07606,34.28408],[133.07589,34.28432],[133.07518,34.28497],[133.07481,34.28564],[133.07463,34.28581],[133.07406,34.28619],[133.07386,34.2864],[133.07379,34.28666],[133.07396,34.28725],[133.07482,34.2884],[133.07561,34.28996],[133.07594,34.29028],[133.07637,34.2906],[133.07661,34.29087],[133.07745,34.29252],[133.07842,34.29467],[133.07871,34.29497],[133.07946,34.29552],[133.07978,34.29588],[133.08038,34.29712],[133.08062,34.29737],[133.08131,34.29786],[133.08153,34.29808],[133.08229,34.2992],[133.08255,34.29971],[133.08273,34.30081],[133.08309,34.30205],[133.08343,34.30263],[133.08397,34.30326],[133.08403,34.30417],[133.08417,34.30436],[133.08437,34.30431],[133.08553,34.30431],[133.08605,34.30443],[133.08956,34.30495],[133.0895,34.30538],[133.08961,34.30568],[133.08988,34.30589],[133.09028,34.30597],[133.0912,34.30601],[133.09985,34.30553],[133.10049,34.3056],[133.1019,34.30593],[133.10232,34.3061],[133.10408,34.30742],[133.10609,34.30834],[133.10813,34.3096],[133.10817,34.30954],[133.10846,34.30965],[133.10902,34.30969],[133.11198,34.30915],[133.11241,34.30916],[133.11568,34.3099],[133.1174,34.31014],[133.11775,34.31025],[133.12075,34.31195],[133.12133,34.31244],[133.12177,34.31296],[133.12206,34.3132],[133.12233,34.31334],[133.12231,34.31342],[133.12288,34.31359],[133.12349,34.31384],[133.12531,34.31486],[133.12566,34.31498],[133.12624,34.31503],[133.12793,34.3149],[133.12851,34.31494],[133.1294,34.31522],[133.12999,34.3153],[133.1319,34.31505],[133.13283,34.31488],[133.13327,34.31486],[133.13528,34.31495],[133.13578,34.31504],[133.13584,34.31498],[133.13646,34.31529],[133.13692,34.31536],[133.13758,34.31529],[133.13794,34.3152],[133.13878,34.31473],[133.13911,34.31462],[133.13963,34.31459],[133.14007,34.31462],[133.14031,34.31459],[133.14057,34.31449],[133.14089,34.31423],[133.14122,34.31367],[133.14143,34.31344],[133.14237,34.31278],[133.14271,34.31239],[133.14288,34.31199],[133.143,34.31048],[133.1431,34.31011],[133.14335,34.30979],[133.14445,34.30873],[133.1449,34.30822],[133.14506,34.30797],[133.14529,34.30733],[133.1464,34.3055],[133.14601,34.30505],[133.14601,34.30495],[133.14621,34.30456],[133.14616,34.30436],[133.14606,34.3043],[133.14522,34.3042],[133.14473,34.3043],[133.14457,34.30421],[133.14455,34.30409],[133.14466,34.30396],[133.14505,34.30387],[133.14521,34.30364],[133.1454,34.30355],[133.14547,34.30344],[133.14545,34.30329],[133.14551,34.30312],[133.14603,34.30267],[133.14609,34.3025],[133.14606,34.30235],[133.14545,34.30181],[133.14541,34.30165],[133.14551,34.30151],[133.14634,34.30124],[133.14649,34.30116],[133.14665,34.30099],[133.14674,34.30081],[133.14673,34.3007],[133.14661,34.30036],[133.14646,34.3003],[133.14637,34.30036],[133.14636,34.30042],[133.14659,34.30085]]]},"properties":{"id":"shima-ikuchijima-main-route","name":"生口島 メインルート","group":"Setouchi routes","source":"touring-shimanami","distance_km":14.1,"elev_up_m":139,"intro_url":"https://touring-shimanami.com/gpx-shimanamikaido/","profile":[[0.0,37],[0.07,39],[0.1,32],[0.14,36],[0.18,38],[0.34,38],[0.39,30],[0.41,31],[0.46,37],[0.51,29],[0.55,29],[0.61,35],[0.72,22],[0.85,15],[0.94,16],[1.06,16],[1.09,11],[1.12,8],[1.24,8],[1.3,9],[1.4,4],[1.55,5],[1.79,13],[2.16,4],[2.28,2],[2.47,1],[2.58,0],[2.65,0],[2.8,3],[2.98,1],[3.05,2],[3.27,5],[3.48,4],[3.66,12],[3.72,12],[3.9,15],[3.99,4],[4.05,0],[4.27,4],[4.5,2],[4.59,1],[5.05,3],[5.18,3],[5.38,3],[5.5,4],[5.67,3],[5.86,6],[6.07,1],[6.26,3],[6.3,7],[6.46,6],[6.84,4],[6.9,4],[7.03,6],[7.88,6],[8.06,5],[8.49,3],[8.73,3],[8.81,2],[9.13,4],[9.6,2],[9.97,2],[10.12,2],[10.18,3],[10.25,3],[10.51,1],[10.6,0],[10.81,3],[10.95,7],[11.22,2],[11.44,7],[11.5,8],[11.61,0],[11.7,4],[11.83,4],[11.92,5],[11.97,3],[12.08,3],[12.22,4],[12.32,4],[12.53,5],[12.73,3],[12.83,2],[13.14,0],[13.21,13],[13.28,9],[13.37,17],[13.43,21],[13.46,25],[13.53,23],[13.56,22],[13.6,26],[13.69,23],[13.79,30],[13.82,33],[13.92,29],[13.97,27],[14.02,30],[14.05,32],[14.1,29]],"elev_src":"srtm"}},{"type":"Feature","geometry":{"type":"MultiLineString","coordinates":[[[133.15468,34.30754],[133.15474,34.30746],[133.15463,34.30723],[133.15471,34.30697],[133.15469,34.30681],[133.15452,34.30668],[133.15422,34.30667],[133.15404,34.30659],[133.15396,34.30639],[133.15398,34.30623],[133.1542,34.30603],[133.15451,34.30599],[133.1547,34.30587],[133.15483,34.3054],[133.15505,34.30502],[133.15506,34.30477],[133.15528,34.30457],[133.15552,34.30405],[133.15582,34.30381],[133.15602,34.30348],[133.1563,34.30336],[133.15637,34.30328],[133.15639,34.30313],[133.15627,34.30301],[133.15611,34.303],[133.15597,34.30309],[133.15569,34.3037],[133.1553,34.30394],[133.15513,34.30433],[133.15474,34.30453],[133.15457,34.30471],[133.15438,34.30482],[133.15429,34.30498],[133.15419,34.30503],[133.154,34.305],[133.15394,34.30484],[133.15403,34.30473],[133.15424,34.30465],[133.15439,34.30417],[133.15426,34.30407],[133.15394,34.30408],[133.15364,34.30384],[133.15322,34.30458],[133.15265,34.30541],[133.15209,34.30686],[133.15206,34.30731],[133.15221,34.30854],[133.15233,34.30884],[133.15269,34.3094],[133.15277,34.30976],[133.15272,34.31],[133.15237,34.31072],[133.15197,34.31221],[133.15168,34.31268],[133.15133,34.31309],[133.14943,34.31503],[133.14875,34.31553],[133.14859,34.31571],[133.14844,34.31609],[133.14834,34.31692],[133.14811,34.31724],[133.14816,34.31727],[133.14726,34.31785],[133.14641,34.31831],[133.14627,34.31844],[133.14613,34.31893],[133.14573,34.31976],[133.14562,34.32019],[133.14553,34.32035],[133.14467,34.32132],[133.14398,34.32178],[133.14463,34.32222],[133.14582,34.3229],[133.14622,34.32301],[133.14697,34.32306],[133.14794,34.32335],[133.1483,34.32353],[133.14886,34.32394],[133.14926,34.32428],[133.14933,34.32441],[133.14981,34.32582],[133.14988,34.32615],[133.15007,34.32641],[133.15036,34.32659],[133.15242,34.3273],[133.1527,34.32745],[133.15285,34.32759],[133.15352,34.3285],[133.15469,34.32947],[133.1551,34.3299],[133.15547,34.33067],[133.15549,34.33089],[133.15543,34.3311],[133.15509,34.33167],[133.15485,34.33219],[133.15482,34.33311],[133.15516,34.33414],[133.15564,34.3349],[133.15575,34.33522],[133.15599,34.33831],[133.15419,34.33864],[133.15368,34.33882],[133.15223,34.33963],[133.15097,34.34062],[133.15004,34.34125],[133.14954,34.34149],[133.14926,34.34156],[133.1493,34.34172],[133.14947,34.34188],[133.14997,34.34274],[133.15021,34.34382],[133.15077,34.3443],[133.15127,34.34494],[133.1516,34.34526],[133.15184,34.34562],[133.15189,34.34572],[133.15184,34.34574],[133.15247,34.34695],[133.15281,34.3473],[133.15297,34.34795],[133.15371,34.34864],[133.15374,34.34876],[133.15363,34.34934],[133.15365,34.35011],[133.15357,34.35038],[133.15361,34.35039],[133.1534,34.35089],[133.15366,34.35243],[133.15359,34.35307],[133.1542,34.35501],[133.15547,34.35474],[133.15576,34.35477],[133.15602,34.35488],[133.15694,34.35553],[133.15713,34.35575],[133.15721,34.35602],[133.1572,34.35668],[133.15724,34.35685],[133.1574,34.35706],[133.1577,34.3572],[133.1592,34.35748],[133.1595,34.3575],[133.15991,34.35735],[133.16094,34.35671],[133.16118,34.35662],[133.16149,34.35659],[133.16179,34.35665],[133.16202,34.35677],[133.16272,34.35741],[133.16292,34.35754],[133.16309,34.3576],[133.16334,34.35761],[133.16404,34.35751],[133.16499,34.35748],[133.16548,34.35734],[133.16552,34.35742],[133.1659,34.35721],[133.16687,34.35648],[133.16744,34.35623],[133.16803,34.35618],[133.16903,34.35628],[133.16969,34.35615],[133.16999,34.35601],[133.17037,34.3557],[133.17149,34.35409],[133.17161,34.35414],[133.17162,34.35423],[133.17139,34.35457],[133.17141,34.35467],[133.17155,34.35485],[133.17151,34.35498],[133.17135,34.35514],[133.17139,34.35542],[133.17131,34.35554],[133.17102,34.35563],[133.17096,34.35572],[133.17104,34.35585],[133.17117,34.35587],[133.17134,34.35568],[133.17157,34.35552],[133.17161,34.3554],[133.17155,34.35517],[133.17163,34.35506],[133.17175,34.35502],[133.17195,34.35504],[133.17216,34.35493],[133.17217,34.35473],[133.17191,34.35453],[133.17184,34.35435],[133.17234,34.35357],[133.1725,34.35346],[133.17263,34.35345],[133.17283,34.35352],[133.17308,34.35393],[133.17316,34.35399],[133.17342,34.35403],[133.17352,34.3542]]]},"properties":{"id":"shima-innoshima-main-route","name":"因島 メインルート","group":"Setouchi routes","source":"touring-shimanami","distance_km":11.0,"elev_up_m":190,"intro_url":"https://touring-shimanami.com/gpx-shimanamikaido/","profile":[[0.0,40],[0.04,42],[0.09,44],[0.13,39],[0.18,40],[0.22,36],[0.28,36],[0.38,35],[0.43,34],[0.53,30],[0.6,34],[0.63,32],[0.66,23],[0.75,25],[0.84,26],[0.91,17],[0.95,16],[0.98,13],[1.01,12],[1.09,12],[1.14,5],[1.27,8],[1.54,2],[1.73,5],[1.83,6],[1.9,5],[2.16,4],[2.27,3],[2.63,2],[2.7,3],[2.84,4],[2.95,4],[3.06,2],[3.21,1],[3.28,8],[3.5,2],[3.71,10],[3.82,7],[3.95,13],[4.07,16],[4.25,25],[4.32,28],[4.56,39],[4.61,41],[4.88,31],[5.03,26],[5.08,23],[5.22,18],[5.44,16],[5.57,13],[6.08,9],[6.29,6],[6.56,4],[6.64,4],[6.69,2],[6.91,7],[7.07,12],[7.17,10],[7.18,10],[7.38,20],[7.55,25],[7.63,25],[7.75,25],[7.81,23],[8.06,1],[8.4,4],[8.45,7],[8.6,3],[8.7,4],[8.75,2],[8.92,1],[8.99,5],[9.13,6],[9.19,7],[9.31,6],[9.35,5],[9.44,2],[9.57,9],[9.62,8],[9.8,6],[9.95,10],[10.04,12],[10.3,35],[10.32,37],[10.38,31],[10.42,35],[10.47,30],[10.51,23],[10.54,22],[10.58,27],[10.62,36],[10.66,38],[10.69,44],[10.74,48],[10.79,43],[10.91,47],[10.94,54],[11.0,57],[11.05,49]],"elev_src":"srtm"}},{"type":"Feature","geometry":{"type":"MultiLineString","coordinates":[[[133.19291,34.36075],[133.193,34.36029],[133.19299,34.35991],[133.19288,34.35954],[133.19294,34.35923],[133.19111,34.35825],[133.18987,34.35752],[133.18963,34.35752],[133.18951,34.35758],[133.18902,34.35809],[133.18877,34.35877],[133.1883,34.35904],[133.18768,34.35928],[133.18706,34.35936],[133.18605,34.35927],[133.18534,34.35913],[133.18505,34.35914],[133.18458,34.35926],[133.18333,34.35979],[133.18308,34.36002],[133.18304,34.36031],[133.1831,34.36119],[133.18288,34.36285],[133.18274,34.36324],[133.18224,34.36392],[133.18201,34.36405],[133.18136,34.36417],[133.18086,34.36457],[133.18063,34.36458],[133.18033,34.36453],[133.18011,34.36457],[133.17965,34.36502],[133.17878,34.36533],[133.1778,34.36543],[133.17689,34.36543],[133.17659,34.36549],[133.17646,34.36556],[133.17633,34.36571],[133.17617,34.36623],[133.17604,34.3664],[133.17496,34.36703],[133.17477,34.36721],[133.1747,34.36748],[133.17505,34.36829],[133.17511,34.36856],[133.17511,34.36922],[133.17518,34.36952],[133.1754,34.36981],[133.17655,34.37078],[133.17663,34.37091],[133.17667,34.37114],[133.17604,34.3728],[133.17562,34.37296],[133.17518,34.37326],[133.17434,34.37419],[133.17415,34.37457],[133.17399,34.37524],[133.17421,34.37613],[133.17421,34.37642],[133.17432,34.37706],[133.17426,34.3773],[133.17408,34.37757],[133.17402,34.37776],[133.17414,34.37973],[133.17405,34.38026],[133.17419,34.3808],[133.17403,34.38104],[133.17318,34.38201],[133.1731,34.38216],[133.17312,34.38273],[133.17296,34.38391],[133.17288,34.38416],[133.17265,34.38456],[133.17269,34.38466],[133.17276,34.38469],[133.17342,34.38478],[133.17372,34.38487],[133.17402,34.38506],[133.17456,34.38554],[133.17499,34.38582],[133.17758,34.38699],[133.17794,34.38724],[133.17888,34.3882],[133.17909,34.38834],[133.17939,34.38846],[133.18262,34.38935],[133.18335,34.38964],[133.18382,34.38992],[133.18426,34.39027],[133.18516,34.39124],[133.18549,34.39152],[133.18805,34.39309],[133.18854,34.39326],[133.19789,34.39592],[133.19754,34.39723],[133.19762,34.39797],[133.19751,34.39946],[133.19746,34.39964]]]},"properties":{"id":"shima-mukaishima-main-route","name":"向島 メインルート","group":"Setouchi routes","source":"touring-shimanami","distance_km":7.8,"elev_up_m":145,"intro_url":"https://touring-shimanami.com/gpx-shimanamikaido/","profile":[[0.0,13],[0.05,10],[0.09,7],[0.14,5],[0.17,7],[0.37,1],[0.51,7],[0.53,7],[0.55,8],[0.62,12],[0.7,19],[0.75,13],[0.81,8],[0.87,22],[0.96,35],[1.03,41],[1.06,28],[1.1,8],[1.23,0],[1.27,0],[1.3,0],[1.4,2],[1.58,8],[1.63,4],[1.72,0],[1.74,1],[1.8,6],[1.87,10],[1.89,10],[1.92,8],[1.94,5],[2.0,12],[2.09,3],[2.18,7],[2.26,9],[2.29,0],[2.31,0],[2.33,5],[2.39,5],[2.41,4],[2.53,10],[2.56,11],[2.59,8],[2.68,2],[2.71,3],[2.79,1],[2.82,0],[2.86,1],[3.01,2],[3.03,2],[3.05,1],[3.24,2],[3.29,4],[3.34,4],[3.47,4],[3.51,3],[3.59,8],[3.69,14],[3.72,2],[3.8,8],[3.82,4],[3.86,1],[3.88,1],[4.1,5],[4.16,4],[4.22,2],[4.25,2],[4.38,4],[4.4,5],[4.46,6],[4.6,2],[4.62,2],[4.67,1],[4.69,1],[4.69,1],[4.75,3],[4.78,3],[4.82,2],[4.89,2],[4.94,3],[5.21,6],[5.26,8],[5.39,7],[5.42,8],[5.45,8],[5.76,6],[5.84,7],[5.89,5],[5.94,4],[6.08,5],[6.12,7],[6.42,3],[6.47,2],[7.37,4],[7.52,2],[7.6,5],[7.77,4],[7.79,4]],"elev_src":"srtm"}},{"type":"Feature","geometry":{"type":"MultiLineString","coordinates":[[[133.01824,34.13012],[133.01875,34.13126],[133.01901,34.13212],[133.01895,34.13332],[133.01889,34.13333],[133.01902,34.13384],[133.01909,34.13473],[133.0194,34.13552],[133.01947,34.13601],[133.01947,34.13805],[133.01881,34.13953],[133.01843,34.13984],[133.01807,34.14003],[133.01762,34.14035],[133.01738,34.14044],[133.0173,34.14045],[133.01688,34.14021],[133.0167,34.14019],[133.01621,34.14048],[133.01566,34.14061],[133.01553,34.14068],[133.01544,34.14085],[133.01546,34.14097],[133.01562,34.14118],[133.01562,34.14128],[133.01543,34.14157],[133.0152,34.14176],[133.01522,34.14202],[133.01531,34.14215],[133.01562,34.14222],[133.01577,34.1423],[133.01589,34.14254],[133.01604,34.14267],[133.01617,34.1427],[133.01653,34.14267],[133.01687,34.14278],[133.01722,34.14304],[133.01753,34.14338],[133.01794,34.14358],[133.01809,34.14374],[133.01831,34.14414],[133.01851,34.14422],[133.0189,34.14415],[133.01919,34.14422],[133.02006,34.14469],[133.02067,34.14514],[133.02089,34.14534],[133.02103,34.14555],[133.02115,34.14648],[133.02122,34.14659],[133.02128,34.14664],[133.02141,34.14665],[133.02173,34.14651],[133.02194,34.14655],[133.02234,34.14676],[133.02278,34.14715],[133.02369,34.14826],[133.02424,34.14903],[133.02481,34.15041],[133.02496,34.15063],[133.0252,34.1508],[133.02588,34.15104],[133.0261,34.15116],[133.02627,34.15133],[133.02665,34.15188],[133.02691,34.15207],[133.02723,34.15214],[133.02865,34.15207],[133.02946,34.15183],[133.03042,34.1517],[133.03069,34.15162],[133.03086,34.15146],[133.03142,34.15044],[133.03164,34.15013],[133.03315,34.14837],[133.03341,34.14812],[133.03384,34.14787],[133.03424,34.14751],[133.03452,34.14747],[133.03464,34.14756],[133.03486,34.14791],[133.03516,34.14826],[133.03529,34.14835],[133.03555,34.14843],[133.04048,34.14895],[133.04043,34.14932],[133.04047,34.14939],[133.04101,34.14948],[133.04112,34.14959],[133.04128,34.15334],[133.04308,34.15326],[133.04412,34.15311],[133.04422,34.15337],[133.04439,34.15449],[133.04441,34.15529],[133.0444,34.15546],[133.04418,34.15586],[133.0434,34.15646],[133.04196,34.15718],[133.04116,34.15763],[133.04096,34.15788],[133.04052,34.15868],[133.04023,34.15974],[133.0401,34.16004],[133.03953,34.16082],[133.03938,34.16096],[133.03892,34.16118],[133.03876,34.16131],[133.03861,34.1615],[133.03838,34.16212],[133.0381,34.1624],[133.0376,34.16256],[133.03715,34.16257],[133.03676,34.16272],[133.03655,34.1629],[133.03645,34.16315],[133.03648,34.16367],[133.03612,34.16428],[133.03625,34.16473],[133.03633,34.16534],[133.03632,34.16615],[133.03586,34.16783],[133.03564,34.16946],[133.03558,34.16962],[133.03532,34.16991],[133.03486,34.17089],[133.03451,34.17122],[133.03415,34.17171],[133.03358,34.17209],[133.03332,34.1721],[133.03281,34.17236],[133.0325,34.17242],[133.03211,34.17246],[133.03178,34.17238],[133.03162,34.17245],[133.03139,34.17296],[133.03141,34.17397],[133.03109,34.17546],[133.03107,34.17626],[133.03101,34.17666],[133.03084,34.17677],[133.03065,34.17676],[133.03015,34.17657],[133.0299,34.17632],[133.02967,34.17624],[133.02949,34.17631],[133.0294,34.17643],[133.02942,34.17661],[133.02966,34.17676],[133.02976,34.1769],[133.02977,34.17703],[133.02959,34.17784],[133.02932,34.17799],[133.02931,34.17815],[133.02942,34.17828],[133.02988,34.17834],[133.03001,34.17841],[133.03029,34.17921],[133.03005,34.18054],[133.02986,34.18096],[133.02991,34.18146],[133.02946,34.18217],[133.0293,34.1828],[133.0293,34.18304],[133.02946,34.18355],[133.02929,34.18407],[133.02929,34.18455],[133.02916,34.18529],[133.02916,34.18577],[133.02898,34.18642],[133.02908,34.18751],[133.02923,34.18819],[133.02922,34.18833],[133.02906,34.18863],[133.02906,34.18876],[133.0291,34.18895],[133.02928,34.18925],[133.02936,34.18952],[133.02932,34.18981],[133.02914,34.19016],[133.02915,34.19035],[133.02951,34.19126],[133.02989,34.19169],[133.03001,34.19193],[133.02995,34.19265],[133.03003,34.19282],[133.03014,34.1929],[133.03036,34.19294],[133.03052,34.1929],[133.03089,34.19269],[133.03113,34.19263],[133.03146,34.19262],[133.03171,34.19267],[133.03236,34.19295],[133.03259,34.1931],[133.03275,34.1933],[133.03302,34.19395],[133.03327,34.19415],[133.03404,34.19433],[133.03465,34.19455],[133.03481,34.19466],[133.03495,34.19466],[133.03538,34.19482],[133.03559,34.19487],[133.03585,34.19487],[133.03653,34.19469],[133.03727,34.19464],[133.03746,34.19453],[133.03761,34.19432],[133.03788,34.19411],[133.03843,34.19391],[133.03882,34.19384],[133.04025,34.19376],[133.04059,34.19382],[133.04104,34.19397],[133.04129,34.19399],[133.0422,34.19371],[133.04293,34.1937],[133.04376,34.19376],[133.04456,34.19394],[133.04558,34.19375],[133.04657,34.19368],[133.04792,34.1933],[133.04877,34.19335],[133.05003,34.19312],[133.05057,34.19307],[133.05109,34.19309],[133.05177,34.19318],[133.05185,34.19316],[133.05231,34.19269],[133.0529,34.1922],[133.05405,34.19181],[133.0545,34.19175],[133.05544,34.19194],[133.05568,34.19195],[133.0569,34.19161],[133.05732,34.19158],[133.05765,34.19164],[133.05824,34.19186],[133.05849,34.19189],[133.05993,34.19105],[133.06141,34.19073],[133.06171,34.19071],[133.06209,34.19075],[133.06348,34.19121],[133.06372,34.19121],[133.06474,34.191],[133.06513,34.19103],[133.06586,34.19126],[133.06658,34.19129],[133.0668,34.19136],[133.06732,34.19164],[133.06808,34.19172],[133.06839,34.19169],[133.06861,34.19158],[133.06875,34.19142],[133.06898,34.19084]]]},"properties":{"id":"shima-oshima-west","name":"大島 西回り","group":"Setouchi routes","source":"touring-shimanami","distance_km":14.9,"elev_up_m":222,"intro_url":"https://touring-shimanami.com/gpx-shimanamikaido/","profile":[[0.0,4],[0.37,2],[0.53,0],[0.9,6],[1.17,6],[1.25,10],[1.37,7],[1.46,1],[1.51,4],[1.61,0],[1.67,0],[1.73,1],[1.84,7],[1.96,10],[2.06,1],[2.26,7],[2.42,0],[2.46,0],[2.55,5],[2.86,2],[3.08,5],[3.2,7],[3.33,4],[3.63,3],[3.8,1],[4.12,4],[4.25,5],[4.36,1],[4.85,5],[4.95,5],[5.55,3],[5.81,4],[5.96,5],[6.31,2],[6.56,4],[6.71,6],[6.81,1],[6.97,13],[7.08,2],[7.24,2],[7.45,3],[7.85,3],[8.05,4],[8.21,5],[8.33,5],[8.44,12],[8.8,27],[8.89,33],[9.0,48],[9.05,55],[9.11,55],[9.25,77],[9.33,71],[9.62,60],[9.83,34],[9.98,21],[10.17,18],[10.44,16],[10.51,16],[10.6,16],[10.69,12],[10.89,35],[11.0,7],[11.08,22],[11.16,18],[11.28,10],[11.46,2],[11.55,5],[11.64,6],[11.8,13],[11.91,20],[12.11,4],[12.27,4],[12.49,0],[12.81,8],[13.05,0],[13.17,2],[13.43,4],[13.59,4],[13.77,6],[14.02,8],[14.22,7],[14.48,8],[14.65,11],[14.8,0],[14.88,1],[14.94,6]],"elev_src":"srtm"}},{"type":"Feature","geometry":{"type":"MultiLineString","coordinates":[[[133.07514,34.20265,4],[133.07478,34.20375,4],[133.07557,34.20396,3],[133.07581,34.20327,4],[133.07659,34.20039,5],[133.07673,34.2001,4],[133.07734,34.19919,10],[133.07736,34.19897,11],[133.07715,34.19832,14],[133.07718,34.19803,15],[133.07729,34.19783,17],[133.07786,34.19725,22],[133.07798,34.19697,20],[133.07809,34.19648,18],[133.07823,34.19621,18],[133.07851,34.19599,20],[133.07922,34.19567,21],[133.07938,34.19555,21],[133.07979,34.19488,24],[133.0801,34.19467,24],[133.08201,34.19413,27],[133.08252,34.1941,28],[133.08302,34.19422,28],[133.08341,34.19451,29],[133.08364,34.19489,33],[133.08381,34.19537,37],[133.08399,34.19562,36],[133.08415,34.19573,35],[133.085,34.196,29],[133.08513,34.19609,27],[133.0853,34.1963,28],[133.08545,34.19673,29],[133.08558,34.19689,29],[133.08599,34.19706,28],[133.08645,34.19716,24],[133.08662,34.19725,22],[133.08736,34.19813,20],[133.08753,34.19822,18],[133.08804,34.19837,14],[133.08824,34.19854,13],[133.08859,34.19899,10],[133.08965,34.19946,5],[133.08981,34.19972,5],[133.08985,34.19999,5],[133.08998,34.20033,6],[133.08992,34.20035,6],[133.09038,34.20121,8],[133.09083,34.20161,9],[133.0926,34.2029,4],[133.09315,34.20325,4],[133.09319,34.20321,4],[133.09501,34.20431,4],[133.09541,34.20447,4],[133.09635,34.20461,3],[133.0973,34.20464,3],[133.09801,34.20454,4],[133.09847,34.20442,4],[133.09896,34.20424,4],[133.09955,34.20392,4],[133.10096,34.20285,3],[133.10242,34.2024,4],[133.10425,34.2013,10],[133.1052,34.20092,14],[133.10562,34.2008,11],[133.10607,34.20076,10],[133.10641,34.2008,10],[133.10632,34.20067,9],[133.10593,34.20051,6],[133.10637,34.19993,7],[133.10625,34.19974,7],[133.10619,34.1995,9],[133.10634,34.19899,12],[133.10627,34.1988,14],[133.10608,34.1986,15],[133.10595,34.19836,18],[133.1059,34.1978,24],[133.10573,34.19728,25],[133.10575,34.19705,26],[133.10608,34.1965,29],[133.10619,34.196,30],[133.1063,34.19584,31],[133.10663,34.19567,28],[133.10771,34.19558,21],[133.10792,34.19496,17],[133.10814,34.1947,16],[133.10864,34.1944,14],[133.10942,34.19376,10],[133.11038,34.19343,7],[133.11058,34.19324,6],[133.11101,34.19267,6],[133.11125,34.19252,6],[133.11162,34.19239,5],[133.11233,34.19318,6],[133.11344,34.19415,4],[133.11396,34.19447,4],[133.11435,34.19462,4],[133.11515,34.19478,7],[133.11607,34.19507,5],[133.11679,34.19521,4],[133.11744,34.19526,4],[133.11741,34.19653,9],[133.11747,34.19662,9],[133.11769,34.19671,11],[133.1177,34.19698,15],[133.11751,34.19771,30],[133.11767,34.19774,31],[133.11799,34.1976,34],[133.1182,34.19763,42],[133.11802,34.198,47],[133.11789,34.19816,50],[133.1177,34.19823,51],[133.11758,34.19833,54],[133.1172,34.19842,56],[133.11731,34.19857,55],[133.11751,34.19915,47],[133.11715,34.19928,50],[133.11695,34.19954,52],[133.11644,34.19965,57],[133.11615,34.19998,61],[133.11604,34.20001,62],[133.1159,34.19999,64],[133.11551,34.19971,71],[133.11523,34.19973,78],[133.11507,34.19984,79],[133.11487,34.20024,71],[133.11441,34.2005,72],[133.11401,34.20104,56],[133.11374,34.20109,52],[133.1134,34.201,49],[133.11322,34.20101,48],[133.11271,34.20117,51],[133.11251,34.20132,52],[133.11219,34.20189,35],[133.11269,34.20195,27],[133.11303,34.20211,21],[133.11287,34.20236,18],[133.11281,34.20259,13],[133.11256,34.2027,12],[133.11253,34.20287,10],[133.11193,34.20339,8],[133.1118,34.20361,7],[133.11177,34.20377,6],[133.11256,34.204,5],[133.11255,34.20404,5],[133.11179,34.20382,6],[133.1118,34.20378,6],[133.11254,34.204,5],[133.11357,34.20418,4],[133.11456,34.2041,3],[133.11501,34.20391,3],[133.11578,34.20378,7],[133.11681,34.20376,9],[133.11724,34.20391,6],[133.11725,34.20395,6],[133.11687,34.20429,6],[133.11675,34.20482,5],[133.11683,34.20489,5],[133.11688,34.20507,5],[133.11732,34.20588,4],[133.11769,34.20612,4],[133.1179,34.20618,4],[133.11841,34.2061,5],[133.11851,34.20616,6],[133.11879,34.20616,7],[133.11918,34.20607,8],[133.1193,34.20634,10],[133.11979,34.20669,11],[133.12028,34.20721,16],[133.12128,34.20772,11],[133.12175,34.20821,14],[133.12185,34.20837,18],[133.12189,34.20875,21],[133.12198,34.20897,19],[133.12235,34.20944,14],[133.12292,34.2099,8],[133.12306,34.21012,7],[133.12309,34.21034,3],[133.12298,34.21065,1],[133.12275,34.21087,0],[133.12278,34.21093,0],[133.12253,34.21115,0],[133.12147,34.21589,1],[133.12131,34.21606,0],[133.12113,34.2161,0],[133.11989,34.21597,1],[133.11926,34.21584,2],[133.11712,34.21672,4],[133.11674,34.2168,5],[133.11658,34.21679,5],[133.1163,34.21662,6],[133.11614,34.21631,3],[133.11585,34.21615,1],[133.11575,34.21602,0],[133.11554,34.2151,1],[133.11539,34.21398,2],[133.11522,34.21372,3],[133.11483,34.21342,3],[133.11443,34.2133,2],[133.1133,34.2131,2],[133.11319,34.21302,1],[133.11284,34.21305,1],[133.11172,34.21297,1],[133.11118,34.21306,2],[133.11031,34.21331,1],[133.10958,34.21368,1],[133.10932,34.21389,1],[133.10655,34.21791,1],[133.10643,34.2182,2],[133.10645,34.21832,3],[133.10675,34.2187,3],[133.10678,34.21882,4],[133.1067,34.21945,3],[133.10683,34.22024,4],[133.10754,34.22177,3],[133.10765,34.22193,3],[133.1078,34.22203,3],[133.10848,34.22229,4],[133.10863,34.22242,4],[133.10872,34.22261,5],[133.10867,34.22305,7],[133.10828,34.22395,11],[133.10824,34.22388,11],[133.1086,34.22305,8],[133.10866,34.22307,7],[133.10826,34.224,11],[133.10818,34.22435,11],[133.10818,34.22504,13],[133.10809,34.22599,16],[133.10813,34.22614,19],[133.10826,34.2263,22],[133.10903,34.22655,18],[133.10936,34.22679,14],[133.10963,34.22707,10],[133.10971,34.22726,9],[133.1097,34.22744,8],[133.10961,34.22761,9],[133.10929,34.22797,11],[133.10894,34.22812,13],[133.10817,34.22808,13],[133.108,34.22814,14],[133.10786,34.22832,11],[133.1078,34.22885,11],[133.1077,34.22901,11],[133.10756,34.22912,11],[133.10571,34.23016,4],[133.10449,34.23061,4],[133.10366,34.23083,4],[133.10285,34.23085,1],[133.09864,34.23039,4],[133.09582,34.22976,2],[133.09346,34.22941,7],[133.09243,34.22918,4],[133.092,34.22914,3],[133.09182,34.22918,3],[133.09149,34.22934,4],[133.08934,34.23044,2],[133.08789,34.23112,0],[133.08697,34.23162,1],[133.08656,34.23175,1],[133.08614,34.2318,1],[133.08551,34.23171,3],[133.08271,34.23065,10],[133.08221,34.23034,12],[133.08161,34.22977,13],[133.07877,34.22829,10],[133.07843,34.22817,9],[133.07787,34.22808,7],[133.07607,34.22816,5],[133.07563,34.22812,5],[133.07524,34.228,5],[133.07524,34.22794,5],[133.07565,34.22807,5],[133.07609,34.22811,5],[133.07607,34.22816,5],[133.07596,34.22816,5],[133.07534,34.22804,5],[133.07387,34.22728,7],[133.07364,34.22708,8],[133.07353,34.22685,9],[133.0736,34.22628,12],[133.07356,34.22602,13],[133.07344,34.22578,14],[133.07311,34.22543,14],[133.07252,34.22503,13],[133.07209,34.2249,11],[133.07188,34.22477,10],[133.07139,34.22422,12],[133.07105,34.22393,9],[133.07039,34.2235,7],[133.06856,34.22212,4],[133.0672,34.2213,3],[133.06709,34.22111,3],[133.06785,34.22105,3],[133.06813,34.22094,3],[133.06842,34.22068,4],[133.06855,34.22036,5],[133.0685,34.22002,5],[133.0679,34.21909,5],[133.06755,34.21832,5],[133.06725,34.21703,5],[133.06714,34.21632,5],[133.06726,34.21565,3],[133.06746,34.21528,4],[133.06814,34.21435,9],[133.0688,34.21346,13],[133.06928,34.21291,14],[133.07102,34.2119,18],[133.07128,34.21168,18],[133.07149,34.21124,16],[133.0714,34.21055,13],[133.07147,34.21015,8],[133.07174,34.20984,7],[133.07274,34.20917,4],[133.07322,34.20862,3],[133.07348,34.20821,3],[133.07488,34.20576,3],[133.07489,34.20571,3],[133.07484,34.2057,3],[133.07505,34.20513,3],[133.07557,34.20396,3],[133.07478,34.20375,4],[133.07508,34.20289,4]]]},"properties":{"id":"shima-hakatajima-gaisyu","name":"伯方島 外周","group":"Setouchi routes","source":"touring-shimanami","distance_km":21.1,"elev_up_m":194,"intro_url":"https://touring-shimanami.com/gpx-shimanamikaido/","profile":[[0.0,4],[0.78,10],[1.16,20],[1.66,28],[2.02,29],[2.3,18],[2.57,5],[3.32,4],[3.81,4],[4.25,9],[4.52,9],[4.77,14],[5.12,31],[5.42,14],[5.78,5],[6.26,6],[6.61,11],[6.8,42],[7.02,47],[7.21,64],[7.41,71],[7.68,39],[7.89,10],[8.28,4],[8.69,6],[9.02,4],[9.24,14],[9.56,19],[9.85,0],[10.59,2],[10.94,3],[11.31,3],[11.68,2],[12.47,3],[12.86,3],[13.24,7],[13.71,16],[14.03,12],[14.6,1],[15.49,7],[16.19,1],[16.65,12],[17.36,5],[17.72,8],[18.01,13],[18.64,3],[18.93,5],[19.44,4],[19.98,18],[20.37,3],[21.14,4]],"elev_src":"source"}},{"type":"Feature","geometry":{"type":"MultiLineString","coordinates":[[[133.05384,34.25394,6],[133.05361,34.25402,2],[133.05371,34.25455,8],[133.05359,34.25494,9],[133.05349,34.25508,10],[133.05115,34.25758,3],[133.05064,34.25795,4],[133.04999,34.25824,4],[133.04811,34.25869,1],[133.04719,34.25911,1],[133.04561,34.26014,4],[133.0451,34.26055,3],[133.04299,34.26285,4],[133.04258,34.26339,4],[133.04236,34.26398,4],[133.04234,34.2646,4],[133.04255,34.26557,5],[133.04241,34.26613,3],[133.04081,34.26898,3],[133.03942,34.26834,3],[133.03872,34.26828,5],[133.03765,34.26771,6],[133.03658,34.26726,8],[133.03576,34.267,9],[133.0354,34.26681,10],[133.03503,34.26642,10],[133.03391,34.2641,16],[133.03335,34.26312,18],[133.03248,34.26204,21],[133.03148,34.26115,23],[133.0302,34.26011,28],[133.02899,34.25921,33],[133.02874,34.25908,35],[133.02831,34.259,38],[133.0273,34.25897,43],[133.02575,34.25873,48],[133.02541,34.2586,51],[133.02518,34.25843,53],[133.02372,34.25672,63],[133.02344,34.25653,65],[133.02275,34.25628,67],[133.02216,34.2557,71],[133.02172,34.25542,73],[133.02153,34.25533,73],[133.01982,34.25483,68],[133.0194,34.25486,65],[133.01927,34.25491,64],[133.01872,34.25525,59],[133.01841,34.25538,58],[133.01796,34.25539,57],[133.01588,34.25432,41],[133.01437,34.25382,37],[133.01364,34.25332,34],[133.01246,34.25284,36],[133.0118,34.2523,43],[133.01161,34.2522,41],[133.01125,34.25211,38],[133.0103,34.25205,28],[133.00904,34.2519,22],[133.00844,34.25175,18],[133.00816,34.2516,17],[133.0073,34.2509,13],[133.00461,34.24906,7],[133.00429,34.24891,7],[133.0037,34.24882,6],[133.00371,34.24872,7],[133.00384,34.24869,7],[133.00436,34.24872,7],[133.00486,34.24887,7],[133.00554,34.24879,9],[133.00564,34.24864,10],[133.00608,34.24842,11],[133.0058,34.24823,10],[133.00538,34.24813,10],[133.00526,34.24814,10],[133.00452,34.24838,8],[133.00341,34.24866,5],[133.00336,34.24874,5],[133.00308,34.24875,6],[133.00201,34.24851,3],[133.00097,34.24819,3],[133.00057,34.24811,3],[132.99749,34.24775,3],[132.99729,34.24797,2],[132.99725,34.24793,3],[132.99688,34.24808,3],[132.99491,34.2485,1],[132.99478,34.24861,2],[132.99516,34.25019,2],[132.99529,34.25113,3],[132.99539,34.25136,2],[132.99566,34.25172,2],[132.99496,34.25207,1],[132.99467,34.25211,1],[132.99412,34.25197,1],[132.99331,34.25208,2],[132.9921,34.25171,2],[132.99188,34.25169,3],[132.99136,34.2519,3],[132.9909,34.25194,2],[132.99048,34.25239,3],[132.99024,34.25239,3],[132.98958,34.25221,2],[132.98935,34.25224,2],[132.98918,34.25238,1],[132.98917,34.25262,2],[132.98948,34.253,3],[132.99003,34.25387,3],[132.99146,34.25546,3],[132.99283,34.25741,2],[132.993,34.25778,3],[132.99299,34.25814,6],[132.9924,34.25943,5],[132.99184,34.26023,6],[132.99092,34.26123,6],[132.989,34.26282,3],[132.98738,34.26397,3],[132.98641,34.26459,1],[132.98528,34.26565,3],[132.98433,34.26639,6],[132.98409,34.26683,2],[132.98404,34.26702,3],[132.98412,34.2676,3],[132.98387,34.26879,3],[132.98389,34.26897,3],[132.98397,34.26911,3],[132.98471,34.26965,3],[132.98512,34.27029,2],[132.98527,34.27044,3],[132.98662,34.27152,0],[132.98724,34.27189,0],[132.98815,34.27226,1],[132.98876,34.2724,1],[132.98894,34.27249,2],[132.9896,34.27301,3],[132.99006,34.27356,4],[132.99027,34.27371,4],[132.99054,34.27375,4],[132.99134,34.27368,3],[132.99307,34.27379,6],[132.99471,34.27371,8],[132.99487,34.27381,8],[132.9957,34.27698,13],[132.99572,34.27723,15],[132.99555,34.27765,18],[132.99508,34.27845,24],[132.99412,34.27925,32],[132.99399,34.27953,36],[132.99399,34.27974,38],[132.99471,34.28172,58],[132.99489,34.28309,66],[132.99506,34.2837,61],[132.99532,34.28423,55],[132.99594,34.28519,44],[132.99625,34.28606,35],[132.99674,34.28653,31],[132.99687,34.28673,29],[132.99724,34.28775,17],[132.99726,34.2882,15],[132.99699,34.28891,8],[132.99702,34.28917,3],[132.99711,34.28932,3],[132.99726,34.28944,2],[132.99751,34.28955,2],[132.99886,34.28994,1],[132.99913,34.29009,1],[132.99983,34.29066,1],[133.00067,34.29107,2],[133.0011,34.29134,1],[133.00189,34.29208,2],[133.00267,34.29295,2],[133.00404,34.29485,1],[133.00485,34.29574,2],[133.0053,34.29637,4],[133.00568,34.29669,3],[133.00606,34.29684,1],[133.00701,34.29702,1],[133.00766,34.2971,1],[133.00912,34.29715,1],[133.00959,34.29728,2],[133.01025,34.29757,0],[133.01115,34.29828,0],[133.01157,34.29871,1],[133.0119,34.29887,0],[133.01235,34.2989,0],[133.01332,34.29871,0],[133.01475,34.29825,0],[133.01705,34.29725,0],[133.018,34.29695,1],[133.02129,34.29557,2],[133.02195,34.29535,2],[133.02481,34.29469,2],[133.02553,34.29447,2],[133.02607,34.29421,2],[133.02715,34.29355,2],[133.02948,34.29169,2],[133.03026,34.29119,2],[133.03058,34.29093,1],[133.03078,34.2906,0],[133.03101,34.28981,2],[133.03127,34.28929,3],[133.03192,34.2886,1],[133.03309,34.28777,0],[133.03339,34.28739,0],[133.03392,34.28602,0],[133.03437,34.28457,1],[133.03436,34.28403,4],[133.03412,34.28297,6],[133.03414,34.28265,3],[133.03421,34.28243,2],[133.03506,34.28071,3],[133.03609,34.27946,4],[133.03635,34.27888,4],[133.0363,34.27858,3],[133.03597,34.27821,5],[133.0359,34.27805,5],[133.03585,34.27762,3],[133.03588,34.27738,3],[133.03641,34.27652,2],[133.03734,34.27555,2],[133.03759,34.27488,2],[133.03763,34.27434,2],[133.03769,34.2742,2],[133.03847,34.273,3],[133.04084,34.26903,3],[133.04246,34.26615,4],[133.04254,34.26586,3],[133.04255,34.26557,5],[133.04236,34.26473,5],[133.04232,34.26423,3],[133.04239,34.26383,4],[133.04258,34.26339,4],[133.04299,34.26285,4],[133.04474,34.2609,5],[133.04561,34.26014,4],[133.04719,34.25911,1],[133.04757,34.25891,2],[133.04839,34.25861,2],[133.04999,34.25824,4],[133.05064,34.25795,4],[133.05115,34.25758,3],[133.05349,34.25508,10],[133.05359,34.25494,9],[133.05371,34.25455,8],[133.05361,34.25402,2],[133.05384,34.25394,6]]]},"properties":{"id":"shima-omishima-north","name":"大三島 北回り","group":"Setouchi routes","source":"touring-shimanami","distance_km":23.0,"elev_up_m":163,"intro_url":"https://touring-shimanami.com/gpx-shimanamikaido/","profile":[[0.0,6],[0.29,10],[0.76,2],[1.21,5],[1.83,3],[2.48,5],[3.11,16],[3.85,35],[4.5,66],[4.92,62],[5.37,38],[5.72,43],[6.12,15],[6.53,7],[6.73,9],[7.05,7],[7.55,3],[7.95,2],[8.4,1],[8.65,3],[8.82,3],[9.01,3],[9.62,2],[10.06,5],[10.8,3],[11.08,3],[11.4,2],[11.82,1],[12.09,3],[12.65,5],[13.1,30],[13.53,65],[13.99,32],[14.29,5],[14.71,2],[15.45,4],[15.79,1],[16.11,1],[16.69,1],[17.31,2],[17.81,2],[18.38,2],[19.01,6],[19.61,4],[20.02,2],[20.52,2],[21.18,4],[21.87,4],[22.33,3],[22.77,11],[23.04,6]],"elev_src":"source"}},{"type":"Feature","geometry":{"type":"MultiLineString","coordinates":[[[133.06856,34.26447,4],[133.06851,34.26447,3],[133.06852,34.26438,3],[133.0686,34.26413,2],[133.06925,34.26325,3],[133.06968,34.26229,4],[133.07074,34.26137,29],[133.07217,34.26026,10],[133.07251,34.26006,6],[133.0759,34.25883,6],[133.07668,34.25843,4],[133.0776,34.25777,3],[133.07792,34.25763,2],[133.07844,34.25757,2],[133.07948,34.25766,4],[133.07989,34.25759,3],[133.08207,34.25682,6],[133.08283,34.25665,6],[133.08341,34.2566,7],[133.08412,34.25668,7],[133.08465,34.25684,6],[133.08702,34.25793,8],[133.08769,34.25812,9],[133.08802,34.25818,9],[133.08933,34.25826,6],[133.09052,34.2585,6],[133.09414,34.25904,8],[133.09473,34.25922,6],[133.09521,34.25955,4],[133.09665,34.26109,2],[133.09758,34.26187,5],[133.09797,34.26231,6],[133.09848,34.26307,10],[133.09876,34.26337,10],[133.10013,34.26452,13],[133.10045,34.26474,13],[133.10089,34.26493,15],[133.10139,34.26508,19],[133.1018,34.26514,20],[133.10219,34.26481,14],[133.10251,34.26438,7],[133.10263,34.26409,7],[133.10302,34.26367,6],[133.10356,34.264,8],[133.10438,34.26412,12],[133.1045,34.26437,12],[133.10482,34.26465,10],[133.10491,34.26479,9],[133.10493,34.26512,7],[133.10511,34.26551,5],[133.10556,34.2658,4],[133.10585,34.26605,5],[133.10586,34.26611,6],[133.10644,34.26606,6],[133.10651,34.26581,6],[133.10661,34.26573,6],[133.10749,34.26566,5],[133.10752,34.2662,5],[133.10748,34.26625,5],[133.1083,34.26673,4],[133.11108,34.26796,4],[133.11221,34.26872,4],[133.11285,34.26936,3],[133.113,34.26963,4],[133.11304,34.26996,3],[133.11291,34.27036,3],[133.11247,34.27127,1],[133.11243,34.27157,2],[133.1125,34.27182,3],[133.1126,34.27199,10],[133.1134,34.2729,4],[133.11365,34.27369,2],[133.11377,34.2739,2],[133.11392,34.27403,1],[133.11458,34.27441,2],[133.11538,34.27528,2],[133.11579,34.27557,1],[133.11704,34.27619,1],[133.11765,34.27636,1],[133.11856,34.27654,1],[133.11921,34.27666,2],[133.11922,34.27661,2],[133.11947,34.27666,2],[133.12056,34.27718,1],[133.1208,34.27732,1],[133.12114,34.27765,3],[133.12211,34.27907,2],[133.12231,34.27922,1],[133.12293,34.27944,2],[133.12331,34.27951,2],[133.12521,34.27963,3],[133.12562,34.27969,3],[133.12575,34.27973,3],[133.12573,34.27978,3],[133.12727,34.28026,1],[133.1289,34.28055,1],[133.12945,34.28056,2],[133.13087,34.28025,2],[133.13117,34.28022,2],[133.13176,34.28026,2],[133.13227,34.28042,3],[133.13304,34.28076,4],[133.13341,34.28098,3],[133.13419,34.28203,4],[133.13482,34.2826,7],[133.13526,34.28287,7],[133.13559,34.28298,7],[133.13592,34.28303,6],[133.13734,34.28292,5],[133.13793,34.28304,7],[133.13841,34.2833,7],[133.14141,34.28525,4],[133.1421,34.28551,4],[133.14346,34.28588,2],[133.14386,34.28603,3],[133.14541,34.28692,3],[133.14558,34.28716,3],[133.1458,34.28784,4],[133.14618,34.28857,2],[133.14648,34.28934,3],[133.14651,34.2896,3],[133.14642,34.29054,4],[133.14651,34.29077,5],[133.14679,34.29116,6],[133.1469,34.29141,6],[133.14723,34.29346,12],[133.14741,34.29383,12],[133.14802,34.29471,10],[133.14824,34.29547,9],[133.14885,34.29633,4],[133.1492,34.29721,3],[133.14926,34.29749,4],[133.14923,34.29777,4],[133.14906,34.29812,3],[133.14777,34.29934,1],[133.14755,34.29967,1],[133.14748,34.29997,5],[133.1475,34.30021,8],[133.1479,34.30117,6],[133.14795,34.30143,8],[133.14792,34.30178,9],[133.14747,34.30264,9],[133.14726,34.30342,3],[133.14735,34.30347,4],[133.14724,34.30347,3],[133.14734,34.30349,4],[133.14732,34.30356,3],[133.14722,34.30353,3],[133.14666,34.3044,3],[133.14645,34.3054,4]]]},"properties":{"id":"shima-ikuchijima-south","name":"生口島 南回り","group":"Setouchi routes","source":"touring-shimanami","distance_km":11.5,"elev_up_m":83,"intro_url":"https://touring-shimanami.com/gpx-shimanamikaido/","profile":[[0.0,4],[0.21,3],[0.54,27],[1.0,6],[1.24,2],[1.49,6],[1.73,7],[2.03,7],[2.43,6],[3.05,4],[3.29,7],[3.54,13],[3.74,19],[3.87,7],[3.98,6],[4.14,13],[4.25,6],[4.38,5],[4.48,6],[4.72,4],[5.0,4],[5.27,4],[5.46,1],[5.64,4],[5.81,1],[5.98,1],[6.26,1],[6.48,1],[6.71,4],[6.92,2],[7.16,3],[7.44,1],[7.72,2],[7.95,3],[8.15,8],[8.35,5],[8.78,4],[8.99,2],[9.22,3],[9.42,3],[9.61,3],[9.78,6],[10.03,12],[10.25,9],[10.48,3],[10.66,2],[10.83,7],[11.03,9],[11.2,5],[11.35,4],[11.5,4]],"elev_src":"source"}},{"type":"Feature","geometry":{"type":"MultiLineString","coordinates":[[[133.18645,34.36023],[133.18641,34.36056],[133.18647,34.36064],[133.18659,34.36068],[133.18695,34.36072],[133.18733,34.36068],[133.18769,34.36081],[133.18802,34.36064],[133.18833,34.36017],[133.18866,34.36],[133.1887,34.3596],[133.18889,34.35937],[133.18897,34.35917],[133.18932,34.35899],[133.18943,34.3587],[133.18932,34.35842],[133.18938,34.35832],[133.18945,34.3583],[133.18957,34.35832],[133.18965,34.35843],[133.18955,34.35864],[133.18949,34.35897],[133.18963,34.35932],[133.18965,34.35989],[133.1898,34.35999],[133.19011,34.35995],[133.19031,34.36007],[133.19067,34.36009],[133.19087,34.36001],[133.19115,34.35959],[133.19129,34.35955],[133.19162,34.35955],[133.19174,34.35959],[133.192,34.35974],[133.19207,34.35984],[133.1921,34.3602],[133.19175,34.36072],[133.19182,34.36093],[133.19204,34.36103],[133.19289,34.36076],[133.19298,34.36029],[133.19297,34.35991],[133.19285,34.35949],[133.19291,34.35925],[133.19383,34.35965],[133.19385,34.35961],[133.1942,34.35972],[133.19447,34.35972],[133.19466,34.35964],[133.19535,34.35917],[133.19573,34.35914],[133.19644,34.35934],[133.19698,34.35965],[133.19718,34.35966],[133.19775,34.35937],[133.19811,34.35896],[133.1983,34.35885],[133.19851,34.35881],[133.20016,34.35881],[133.2005,34.35892],[133.20085,34.35914],[133.2015,34.36013],[133.20324,34.36089],[133.20389,34.36112],[133.20473,34.36129],[133.2061,34.36168],[133.20734,34.36184],[133.2079,34.36177],[133.20914,34.36137],[133.20937,34.36138],[133.2098,34.36175],[133.21022,34.36201],[133.21087,34.36223],[133.21117,34.36244],[133.21122,34.3624],[133.21213,34.36342],[133.21239,34.36385],[133.21306,34.36424],[133.21338,34.36482],[133.21354,34.36495],[133.21446,34.36535],[133.21477,34.36564],[133.21605,34.36638],[133.21626,34.36663],[133.21628,34.36679],[133.21622,34.36679],[133.21622,34.36688],[133.21629,34.36719],[133.21659,34.368],[133.21708,34.36903],[133.21738,34.37022],[133.2172,34.372],[133.21724,34.37256],[133.21747,34.3735],[133.21738,34.37477],[133.21747,34.37652],[133.21767,34.37706],[133.21827,34.3779],[133.21837,34.37815],[133.21841,34.37845],[133.21794,34.37853],[133.21777,34.37852],[133.21627,34.37812],[133.21605,34.3781],[133.2151,34.3782],[133.21449,34.37837],[133.21396,34.37863],[133.21348,34.379],[133.21296,34.37956],[133.21281,34.37985],[133.21214,34.38217],[133.21192,34.38238],[133.21133,34.38257],[133.21114,34.38273],[133.21034,34.38437],[133.21023,34.38494],[133.20995,34.38537],[133.20963,34.38605],[133.20951,34.38649],[133.20954,34.38681],[133.20947,34.38683],[133.20964,34.38757],[133.20961,34.38827],[133.20937,34.38881],[133.20935,34.38968],[133.20927,34.39029],[133.20889,34.39124],[133.20822,34.39266],[133.20781,34.39412],[133.2076,34.39462],[133.20765,34.39464],[133.20754,34.39515],[133.20733,34.39584],[133.20689,34.39648],[133.20666,34.3974],[133.20589,34.39875],[133.20546,34.39921],[133.20551,34.39924],[133.20545,34.39931],[133.20516,34.39953],[133.20488,34.39963],[133.2048,34.3997],[133.20388,34.40105],[133.20316,34.40223],[133.20297,34.40384],[133.20284,34.40417],[133.20273,34.4043],[133.20301,34.40452],[133.20302,34.40455],[133.20295,34.40456],[133.20298,34.4047],[133.20293,34.40476]]]},"properties":{"id":"shima-mukaishima-south","name":"向島 南回り","group":"Setouchi routes","source":"touring-shimanami","distance_km":9.0,"elev_up_m":161,"intro_url":"https://touring-shimanami.com/gpx-shimanamikaido/","profile":[[0.0,30],[0.04,39],[0.05,43],[0.06,46],[0.09,49],[0.13,49],[0.16,53],[0.2,49],[0.26,44],[0.29,45],[0.34,34],[0.37,34],[0.39,31],[0.43,29],[0.47,27],[0.5,25],[0.51,24],[0.52,24],[0.53,24],[0.54,24],[0.57,26],[0.6,27],[0.65,31],[0.71,39],[0.73,37],[0.76,32],[0.78,34],[0.81,30],[0.83,29],[0.89,19],[0.9,19],[0.93,20],[0.94,20],[0.97,16],[0.98,16],[1.02,17],[1.09,21],[1.11,22],[1.14,21],[1.22,13],[1.27,10],[1.32,7],[1.36,6],[1.39,7],[1.49,4],[1.49,4],[1.53,7],[1.55,11],[1.57,13],[1.65,11],[1.69,10],[1.76,11],[1.82,6],[1.83,4],[1.9,7],[1.95,7],[1.97,7],[1.99,8],[2.14,11],[2.18,14],[2.22,8],[2.34,13],[2.52,5],[2.59,5],[2.67,5],[2.8,12],[2.92,10],[2.97,5],[3.09,3],[3.11,4],[3.17,4],[3.22,7],[3.28,9],[3.32,10],[3.32,9],[3.47,11],[3.52,18],[3.59,17],[3.67,24],[3.69,25],[3.78,26],[3.82,22],[3.97,12],[4.0,10],[4.02,9],[4.02,9],[4.03,9],[4.07,7],[4.16,10],[4.29,8],[4.42,6],[4.62,6],[4.68,7],[4.79,6],[4.93,7],[5.13,12],[5.19,16],[5.3,9],[5.33,9],[5.36,6],[5.4,4],[5.42,4],[5.56,6],[5.58,5],[5.67,6],[5.73,3],[5.79,8],[5.85,11],[5.93,16],[5.96,17],[6.23,11],[6.26,10],[6.32,11],[6.34,12],[6.54,13],[6.6,16],[6.66,12],[6.74,16],[6.79,15],[6.82,14],[6.83,14],[6.91,13],[6.99,15],[7.06,15],[7.15,14],[7.22,12],[7.33,8],[7.5,5],[7.67,7],[7.73,9],[7.73,9],[7.79,6],[7.87,6],[7.95,6],[8.05,4],[8.22,6],[8.29,6],[8.29,5],[8.3,5],[8.34,5],[8.36,7],[8.38,8],[8.55,4],[8.69,6],[8.87,7],[8.91,7],[8.93,7],[8.97,6],[8.97,6],[8.98,5],[8.99,5],[9.0,4]],"elev_src":"srtm"}}]}